character,id
アイネスフウジン,105
アイネスフウジン,201
アイネスフウジン,311
アイネスフウジン,2105
アイネスフウジン,2601
アイネスフウジン,7020
アイネスフウジン,2803
アイネスフウジン,2901
アイネスフウジン,3002
アイネスフウジン,3003
アイネスフウジン,3101
アイネスフウジン,2510
アイネスフウジン,2522
アイネスフウジン,3204
アイネスフウジン,8360
アイネスフウジン,2404
アイネスフウジン,2603
アイネスフウジン,408
アイネスフウジン,518
アイネスフウジン,2716
アイネスフウジン,3501
アイネスフウジン,3507
アグネスタキオン,104
アグネスタキオン,202
アグネスタキオン,314
アグネスタキオン,2001
アグネスタキオン,2107
アグネスタキオン,2601
アグネスタキオン,2814
アグネスタキオン,2903
アグネスタキオン,3003
アグネスタキオン,3101
アグネスタキオン,2505
アグネスタキオン,3204
アグネスタキオン,8219
アグネスタキオン,8220
アグネスタキオン,8221
アグネスタキオン,8222
アグネスタキオン,8223
アグネスタキオン,8224
アグネスタキオン,8225
アグネスタキオン,8226
アグネスタキオン,8227
アグネスタキオン,8228
アグネスタキオン,8229
アグネスタキオン,8230
アグネスタキオン,8231
アグネスタキオン,8232
アグネスタキオン,8233
アグネスタキオン,8234
アグネスタキオン,2407
アグネスタキオン,2604
アグネスタキオン,8450
アグネスタキオン,8486
アグネスタキオン,8518
アグネスタキオン,8543
アグネスタキオン,8647
アグネスタキオン,519
アグネスタキオン,8682
アグネスタキオン,8706
アグネスタキオン,8880
アグネスタキオン,9158
アグネスタキオン,410
アグネスタキオン,2719
アグネスタキオン,2524
アグネスタキオン,3507
アグネスタキオン,9320
アグネスタキオン,9716
アグネスタキオン,9806
アグネスタキオン,9921
アグネスタキオン,10172
アグネスデジタル,102
アグネスデジタル,202
アグネスデジタル,314
アグネスデジタル,2601
アグネスデジタル,2813
アグネスデジタル,2902
アグネスデジタル,3002
アグネスデジタル,3003
アグネスデジタル,3101
アグネスデジタル,3102
アグネスデジタル,2516
アグネスデジタル,2511
アグネスデジタル,2518
アグネスデジタル,2501
アグネスデジタル,3205
アグネスデジタル,8144
アグネスデジタル,8145
アグネスデジタル,8146
アグネスデジタル,8147
アグネスデジタル,8148
アグネスデジタル,8149
アグネスデジタル,8150
アグネスデジタル,8151
アグネスデジタル,8456
アグネスデジタル,8524
アグネスデジタル,8600
アグネスデジタル,8623
アグネスデジタル,8752
アグネスデジタル,8907
アグネスデジタル,8939
アグネスデジタル,8971
アグネスデジタル,9098
アグネスデジタル,9190
アグネスデジタル,2532
アグネスデジタル,2604
アグネスデジタル,417
アグネスデジタル,527
アグネスデジタル,2534
アグネスデジタル,3401
アグネスデジタル,3504
アグネスデジタル,3505
アグネスデジタル,3506
アグネスデジタル,3507
アグネスデジタル,3509
アグネスデジタル,2407
アグネスデジタル,9329
アグネスデジタル,9393
アグネスデジタル,9427
アグネスデジタル,9461
アグネスデジタル,9495
アグネスデジタル,9529
アグネスデジタル,9563
アグネスデジタル,9597
アグネスデジタル,9631
アグネスデジタル,9691
アグネスデジタル,9817
アグネスデジタル,10001
アグネスデジタル,10068
アグネスデジタル,10106
アグネスデジタル,10144
アグネスデジタル,10206
アグネスデジタル,2752
アグネスデジタル,10274
アグネスデジタル,10352
アグネスデジタル,10391
アグネスデジタル,10430
アグネスデジタル,10451
アグネスデジタル,10484
アグネスデジタル,2535
アストンマーチャン,2901
アストンマーチャン,3001
アストンマーチャン,3203
アストンマーチャン,102
アストンマーチャン,2604
アストンマーチャン,202
アストンマーチャン,2602
アストンマーチャン,2704
アストンマーチャン,2815
アストンマーチャン,3101
アストンマーチャン,2513
アストンマーチャン,8659
アストンマーチャン,8719
アストンマーチャン,8739
アストンマーチャン,8797
アストンマーチャン,8838
アストンマーチャン,8839
アストンマーチャン,8840
アストンマーチャン,8841
アストンマーチャン,8842
アストンマーチャン,8843
アストンマーチャン,8845
アストンマーチャン,8846
アストンマーチャン,8847
アストンマーチャン,8848
アストンマーチャン,8849
アストンマーチャン,8850
アストンマーチャン,8851
アストンマーチャン,8852
アストンマーチャン,8853
アストンマーチャン,8854
アストンマーチャン,8855
アストンマーチャン,8856
アストンマーチャン,8858
アストンマーチャン,8859
アストンマーチャン,8861
アストンマーチャン,8862
アストンマーチャン,8863
アストンマーチャン,2409
アストンマーチャン,403
アストンマーチャン,3508
アストンマーチャン,9236
アストンマーチャン,9288
アストンマーチャン,9380
アストンマーチャン,9414
アストンマーチャン,9448
アストンマーチャン,9482
アストンマーチャン,9516
アストンマーチャン,9550
アストンマーチャン,9584
アストンマーチャン,9618
アストンマーチャン,9678
アストンマーチャン,358
アストンマーチャン,9764
アストンマーチャン,9889
アストンマーチャン,9985
アストンマーチャン,10052
アストンマーチャン,10090
アストンマーチャン,10128
アストンマーチャン,10190
アストンマーチャン,10258
アストンマーチャン,10336
アストンマーチャン,10375
アストンマーチャン,10414
アストンマーチャン,10468
アドマイヤグルーヴ,2602
アドマイヤグルーヴ,2731
アドマイヤグルーヴ,2823
アドマイヤグルーヴ,2903
アドマイヤグルーヴ,3003
アドマイヤグルーヴ,3101
アドマイヤグルーヴ,2517
アドマイヤグルーヴ,3204
アドマイヤグルーヴ,3502
アドマイヤグルーヴ,3503
アドマイヤグルーヴ,3509
アドマイヤグルーヴ,9646
アドマイヤグルーヴ,9647
アドマイヤグルーヴ,9648
アドマイヤグルーヴ,9649
アドマイヤグルーヴ,9650
アドマイヤグルーヴ,9651
アドマイヤグルーヴ,9652
アドマイヤグルーヴ,9653
アドマイヤグルーヴ,9654
アドマイヤグルーヴ,9655
アドマイヤグルーヴ,9656
アドマイヤグルーヴ,9657
アドマイヤグルーヴ,9658
アドマイヤグルーヴ,9659
アドマイヤグルーヴ,9660
アドマイヤグルーヴ,9661
アドマイヤグルーヴ,9662
アドマイヤグルーヴ,9663
アドマイヤグルーヴ,9664
アドマイヤグルーヴ,9665
アドマイヤグルーヴ,9666
アドマイヤグルーヴ,9667
アドマイヤグルーヴ,9668
アドマイヤグルーヴ,9669
アドマイヤグルーヴ,9670
アドマイヤグルーヴ,9671
アドマイヤグルーヴ,9724
アドマイヤグルーヴ,2001
アドマイヤグルーヴ,2215
アドマイヤグルーヴ,9814
アドマイヤグルーヴ,9929
アドマイヤグルーヴ,367
アドマイヤグルーヴ,10180
アドマイヤグルーヴ,104
アドマイヤグルーヴ,202
アドマイヤグルーヴ,402
アドマイヤグルーヴ,2408
アドマイヤグルーヴ,2604
アドマイヤベガ,105
アドマイヤベガ,202
アドマイヤベガ,315
アドマイヤベガ,2601
アドマイヤベガ,2812
アドマイヤベガ,2904
アドマイヤベガ,3003
アドマイヤベガ,3101
アドマイヤベガ,2510
アドマイヤベガ,8235
アドマイヤベガ,8236
アドマイヤベガ,8237
アドマイヤベガ,8238
アドマイヤベガ,8239
アドマイヤベガ,8240
アドマイヤベガ,8241
アドマイヤベガ,8242
アドマイヤベガ,8243
アドマイヤベガ,8244
アドマイヤベガ,8245
アドマイヤベガ,8246
アドマイヤベガ,8247
アドマイヤベガ,8248
アドマイヤベガ,8249
アドマイヤベガ,8250
アドマイヤベガ,8451
アドマイヤベガ,8487
アドマイヤベガ,8519
アドマイヤベガ,8544
アドマイヤベガ,8648
アドマイヤベガ,8683
アドマイヤベガ,8707
アドマイヤベガ,8881
アドマイヤベガ,9159
アドマイヤベガ,2603
アドマイヤベガ,3203
アドマイヤベガ,404
アドマイヤベガ,538
アドマイヤベガ,2524
アドマイヤベガ,3501
アドマイヤベガ,3507
アドマイヤベガ,2407
アドマイヤベガ,9321
アドマイヤベガ,9717
アドマイヤベガ,9807
アドマイヤベガ,9922
アドマイヤベガ,10173
アーモンドアイ,102
アーモンドアイ,201
アーモンドアイ,364
アーモンドアイ,2217
アーモンドアイ,2602
アーモンドアイ,2703
アーモンドアイ,2832
アーモンドアイ,2509
アーモンドアイ,2516
アーモンドアイ,2514
アーモンドアイ,2504
アーモンドアイ,2519
アーモンドアイ,2508
アーモンドアイ,3203
アーモンドアイ,3502
アーモンドアイ,3504
アーモンドアイ,3506
アーモンドアイ,3509
アーモンドアイ,10016
アーモンドアイ,10017
アーモンドアイ,10018
アーモンドアイ,10019
アーモンドアイ,10020
アーモンドアイ,10021
アーモンドアイ,10022
アーモンドアイ,10023
アーモンドアイ,10024
アーモンドアイ,10025
アーモンドアイ,10026
アーモンドアイ,10027
アーモンドアイ,10028
アーモンドアイ,10029
アーモンドアイ,10030
アーモンドアイ,10031
アーモンドアイ,10032
アーモンドアイ,10033
アーモンドアイ,10034
アーモンドアイ,10035
アーモンドアイ,10036
アーモンドアイ,10037
アーモンドアイ,10038
アーモンドアイ,10039
アーモンドアイ,10040
アーモンドアイ,10041
アーモンドアイ,10042
アーモンドアイ,10043
アーモンドアイ,10044
アーモンドアイ,10045
アーモンドアイ,2413
アーモンドアイ,2604
アーモンドアイ,3101
アーモンドアイ,423
アーモンドアイ,10077
アーモンドアイ,10115
アーモンドアイ,10153
アーモンドアイ,10215
アーモンドアイ,10283
アーモンドアイ,10361
アーモンドアイ,10400
アーモンドアイ,10439
アーモンドアイ,10460
アーモンドアイ,10493
アーモンドアイ,2542
アーモンドアイ,3002
アーモンドアイ,3003
アーモンドアイ,2902
イクノディクタス,8549
イクノディクタス,8550
イクノディクタス,8551
イクノディクタス,8552
イクノディクタス,8553
イクノディクタス,8554
イクノディクタス,2903
イクノディクタス,3003
イクノディクタス,3101
イクノディクタス,3204
イクノディクタス,2404
イクノディクタス,2604
イクノディクタス,103
イクノディクタス,202
イクノディクタス,328
イクノディクタス,513
イクノディクタス,2106
イクノディクタス,2602
イクノディクタス,2706
イクノディクタス,2803
イクノディクタス,8785
イクノディクタス,8859
イクノディクタス,9023
イクノディクタス,9224
イクノディクタス,415
イクノディクタス,544
イクノディクタス,3301
イクノディクタス,3401
イクノディクタス,3502
イクノディクタス,3503
イクノディクタス,3504
イクノディクタス,3509
イクノディクタス,9706
イクノディクタス,9971
イナリワン,106
イナリワン,201
イナリワン,506
イナリワン,2601
イナリワン,2801
イナリワン,2904
イナリワン,3003
イナリワン,3004
イナリワン,3101
イナリワン,3102
イナリワン,2523
イナリワン,2512
イナリワン,2506
イナリワン,331
イナリワン,2530
イナリワン,2403
イナリワン,2604
イナリワン,3205
イナリワン,405
イナリワン,2726
イナリワン,3401
イナリワン,3503
イナリワン,3504
イナリワン,3505
ウイニングチケット,105
ウイニングチケット,202
ウイニングチケット,316
ウイニングチケット,404
ウイニングチケット,507
ウイニングチケット,2002
ウイニングチケット,2102
ウイニングチケット,2302
ウイニングチケット,2601
ウイニングチケット,7018
ウイニングチケット,7021
ウイニングチケット,2806
ウイニングチケット,2903
ウイニングチケット,3003
ウイニングチケット,3101
ウイニングチケット,2510
ウイニングチケット,3203
ウイニングチケット,8038
ウイニングチケット,8048
ウイニングチケット,8075
ウイニングチケット,8080
ウイニングチケット,8103
ウイニングチケット,8139
ウイニングチケット,8194
ウイニングチケット,8293
ウイニングチケット,8325
ウイニングチケット,8332
ウイニングチケット,8353
ウイニングチケット,8404
ウイニングチケット,2405
ウイニングチケット,2603
ウイニングチケット,8430
ウイニングチケット,8495
ウイニングチケット,8552
ウイニングチケット,8590
ウイニングチケット,8613
ウイニングチケット,8656
ウイニングチケット,8716
ウイニングチケット,8736
ウイニングチケット,8794
ウイニングチケット,8891
ウイニングチケット,8923
ウイニングチケット,8955
ウイニングチケット,9082
ウイニングチケット,9132
ウイニングチケット,9174
ウイニングチケット,523
ウイニングチケット,2710
ウイニングチケット,3501
ウイニングチケット,3504
ウイニングチケット,9233
ウイニングチケット,9285
ウイニングチケット,9377
ウイニングチケット,9411
ウイニングチケット,9445
ウイニングチケット,9479
ウイニングチケット,9513
ウイニングチケット,9547
ウイニングチケット,9581
ウイニングチケット,9615
ウイニングチケット,9675
ウイニングチケット,9761
ウイニングチケット,9886
ウイニングチケット,9982
ウイニングチケット,10049
ウイニングチケット,10087
ウイニングチケット,10125
ウイニングチケット,10187
ウイニングチケット,10255
ウイニングチケット,10333
ウイニングチケット,10372
ウイニングチケット,10411
ウイニングチケット,10465
ウインバリアシオン,2904
ウインバリアシオン,105
ウインバリアシオン,202
ウインバリアシオン,2601
ウインバリアシオン,2716
ウインバリアシオン,2831
ウインバリアシオン,3004
ウインバリアシオン,3101
ウインバリアシオン,3204
ウインバリアシオン,3301
ウインバリアシオン,3401
ウインバリアシオン,3501
ウインバリアシオン,3503
ウインバリアシオン,3504
ウインバリアシオン,2411
ウインバリアシオン,2603
ウインバリアシオン,9612
ウインバリアシオン,9613
ウインバリアシオン,9614
ウインバリアシオン,9615
ウインバリアシオン,9616
ウインバリアシオン,9617
ウインバリアシオン,9618
ウインバリアシオン,9619
ウインバリアシオン,9620
ウインバリアシオン,9621
ウインバリアシオン,9622
ウインバリアシオン,9623
ウインバリアシオン,9624
ウインバリアシオン,9625
ウインバリアシオン,9626
ウインバリアシオン,9627
ウインバリアシオン,9628
ウインバリアシオン,9629
ウインバリアシオン,9630
ウインバリアシオン,9631
ウインバリアシオン,9632
ウインバリアシオン,9633
ウインバリアシオン,9634
ウインバリアシオン,9635
ウインバリアシオン,9636
ウインバリアシオン,9637
ウインバリアシオン,9638
ウインバリアシオン,9639
ウインバリアシオン,9640
ウインバリアシオン,9641
ウインバリアシオン,9642
ウインバリアシオン,9643
ウインバリアシオン,9644
ウインバリアシオン,9645
ウインバリアシオン,355
ウインバリアシオン,408
ウインバリアシオン,2101
ウインバリアシオン,9786
ウインバリアシオン,9911
ウインバリアシオン,9958
ウインバリアシオン,10035
ウインバリアシオン,10309
ウインバリアシオン,10521
ウインバリアシオン,10561
ウオッカ,102
ウオッカ,202
ウオッカ,303
ウオッカ,403
ウオッカ,2602
ウオッカ,7012
ウオッカ,2705
ウオッカ,2815
ウオッカ,2903
ウオッカ,3002
ウオッカ,3003
ウオッカ,3101
ウオッカ,2510
ウオッカ,2516
ウオッカ,2521
ウオッカ,2511
ウオッカ,2519
ウオッカ,2508
ウオッカ,3204
ウオッカ,2409
ウオッカ,2604
ウオッカ,2009
ウオッカ,525
ウオッカ,3401
ウオッカ,3502
ウオッカ,3504
ウオッカ,3506
ウオッカ,3507
ウオッカ,3509
ウオッカ,2210
エアグルーヴ,105
エアグルーヴ,202
エアグルーヴ,307
エアグルーヴ,501
エアグルーヴ,2002
エアグルーヴ,2106
エアグルーヴ,2602
エアグルーヴ,7001
エアグルーヴ,2809
エアグルーヴ,2902
エアグルーヴ,3003
エアグルーヴ,3101
エアグルーヴ,2509
エアグルーヴ,2516
エアグルーヴ,3204
エアグルーヴ,8035
エアグルーヴ,8045
エアグルーヴ,8072
エアグルーヴ,8077
エアグルーヴ,8100
エアグルーヴ,8136
エアグルーヴ,8190
エアグルーヴ,8289
エアグルーヴ,8322
エアグルーヴ,8329
エアグルーヴ,8350
エアグルーヴ,8400
エアグルーヴ,2406
エアグルーヴ,2604
エアグルーヴ,8427
エアグルーヴ,8492
エアグルーヴ,8549
エアグルーヴ,8587
エアグルーヴ,8610
エアグルーヴ,8653
エアグルーヴ,8713
エアグルーヴ,8733
エアグルーヴ,8791
エアグルーヴ,8888
エアグルーヴ,8920
エアグルーヴ,8952
エアグルーヴ,9079
エアグルーヴ,9129
エアグルーヴ,9171
エアグルーヴ,404
エアグルーヴ,524
エアグルーヴ,2714
エアグルーヴ,2503
エアグルーヴ,3502
エアグルーヴ,3503
エアグルーヴ,3504
エアグルーヴ,9230
エアグルーヴ,9282
エアグルーヴ,2211
エアグルーヴ,9374
エアグルーヴ,9408
エアグルーヴ,9442
エアグルーヴ,9476
エアグルーヴ,9510
エアグルーヴ,9544
エアグルーヴ,9578
エアグルーヴ,9612
エアグルーヴ,9672
エアグルーヴ,2215
エアグルーヴ,9758
エアグルーヴ,9883
エアグルーヴ,9979
エアグルーヴ,10046
エアグルーヴ,10084
エアグルーヴ,10122
エアグルーヴ,10184
エアグルーヴ,2222
エアグルーヴ,2228
エアグルーヴ,10252
エアグルーヴ,10330
エアグルーヴ,10369
エアグルーヴ,10408
エアグルーヴ,10462
エアシャカール,104
エアシャカール,202
エアシャカール,317
エアシャカール,2001
エアシャカール,2601
エアシャカール,2813
エアシャカール,2904
エアシャカール,3003
エアシャカール,3101
エアシャカール,2505
エアシャカール,2515
エアシャカール,3202
エアシャカール,8251
エアシャカール,8252
エアシャカール,8253
エアシャカール,8254
エアシャカール,8255
エアシャカール,8256
エアシャカール,8257
エアシャカール,8258
エアシャカール,8259
エアシャカール,8260
エアシャカール,8261
エアシャカール,8262
エアシャカール,8263
エアシャカール,8264
エアシャカール,8265
エアシャカール,8266
エアシャカール,8452
エアシャカール,8488
エアシャカール,8520
エアシャカール,8545
エアシャカール,8649
エアシャカール,2603
エアシャカール,2407
エアシャカール,8684
エアシャカール,8708
エアシャカール,8882
エアシャカール,9160
エアシャカール,410
エアシャカール,529
エアシャカール,3501
エアシャカール,3503
エアシャカール,3504
エアシャカール,3506
エアシャカール,9322
エアシャカール,9718
エアシャカール,9808
エアシャカール,9923
エアシャカール,10174
エアメサイア,3202
エアメサイア,102
エアメサイア,2903
エアメサイア,351
エアメサイア,202
エアメサイア,2602
エアメサイア,2728
エアメサイア,2829
エアメサイア,3003
エアメサイア,3101
エアメサイア,2514
エアメサイア,3502
エアメサイア,2409
エアメサイア,2603
エアメサイア,9408
エアメサイア,9409
エアメサイア,9410
エアメサイア,9411
エアメサイア,9412
エアメサイア,9413
エアメサイア,9414
エアメサイア,9415
エアメサイア,9416
エアメサイア,9417
エアメサイア,9418
エアメサイア,9419
エアメサイア,9420
エアメサイア,9421
エアメサイア,9422
エアメサイア,9423
エアメサイア,9424
エアメサイア,9425
エアメサイア,9426
エアメサイア,9427
エアメサイア,9428
エアメサイア,9429
エアメサイア,9430
エアメサイア,9431
エアメサイア,9432
エアメサイア,9433
エアメサイア,9434
エアメサイア,9435
エアメサイア,9436
エアメサイア,9437
エアメサイア,9438
エアメサイア,9439
エアメサイア,9440
エアメサイア,9441
エアメサイア,421
エアメサイア,2001
エアメサイア,9780
エアメサイア,9905
エアメサイア,9952
エアメサイア,10029
エアメサイア,10303
エアメサイア,10515
エアメサイア,10555
エイシンフラッシュ,105
エイシンフラッシュ,202
エイシンフラッシュ,318
エイシンフラッシュ,2601
エイシンフラッシュ,2701
エイシンフラッシュ,2817
エイシンフラッシュ,2903
エイシンフラッシュ,3003
エイシンフラッシュ,3101
エイシンフラッシュ,2510
エイシンフラッシュ,2516
エイシンフラッシュ,3203
エイシンフラッシュ,8267
エイシンフラッシュ,8268
エイシンフラッシュ,8269
エイシンフラッシュ,8270
エイシンフラッシュ,8271
エイシンフラッシュ,8272
エイシンフラッシュ,8273
エイシンフラッシュ,8274
エイシンフラッシュ,8458
エイシンフラッシュ,8526
エイシンフラッシュ,8602
エイシンフラッシュ,8625
エイシンフラッシュ,8754
エイシンフラッシュ,8909
エイシンフラッシュ,8941
エイシンフラッシュ,8973
エイシンフラッシュ,9100
エイシンフラッシュ,9192
エイシンフラッシュ,2603
エイシンフラッシュ,407
エイシンフラッシュ,3401
エイシンフラッシュ,3501
エイシンフラッシュ,3503
エイシンフラッシュ,3504
エイシンフラッシュ,3506
エイシンフラッシュ,2410
エイシンフラッシュ,9331
エイシンフラッシュ,9395
エイシンフラッシュ,9429
エイシンフラッシュ,9463
エイシンフラッシュ,9497
エイシンフラッシュ,9531
エイシンフラッシュ,9565
エイシンフラッシュ,9599
エイシンフラッシュ,9633
エイシンフラッシュ,9693
エイシンフラッシュ,9819
エイシンフラッシュ,10003
エイシンフラッシュ,10070
エイシンフラッシュ,10108
エイシンフラッシュ,10146
エイシンフラッシュ,10208
エイシンフラッシュ,10276
エイシンフラッシュ,10354
エイシンフラッシュ,10393
エイシンフラッシュ,10432
エイシンフラッシュ,10453
エイシンフラッシュ,10486
エスポワールシチー,2902
エスポワールシチー,202
エスポワールシチー,2009
エスポワールシチー,2101
エスポワールシチー,2601
エスポワールシチー,3102
エスポワールシチー,3204
エスポワールシチー,8668
エスポワールシチー,8733
エスポワールシチー,8734
エスポワールシチー,8735
エスポワールシチー,8736
エスポワールシチー,8737
エスポワールシチー,8738
エスポワールシチー,8739
エスポワールシチー,8740
エスポワールシチー,8741
エスポワールシチー,8742
エスポワールシチー,8743
エスポワールシチー,8744
エスポワールシチー,8745
エスポワールシチー,8746
エスポワールシチー,8747
エスポワールシチー,8748
エスポワールシチー,8750
エスポワールシチー,8751
エスポワールシチー,8752
エスポワールシチー,8753
エスポワールシチー,8754
エスポワールシチー,8755
エスポワールシチー,8756
エスポワールシチー,8757
エスポワールシチー,8758
エスポワールシチー,8759
エスポワールシチー,8760
エスポワールシチー,8761
エスポワールシチー,8762
エスポワールシチー,8763
エスポワールシチー,8764
エスポワールシチー,341
エスポワールシチー,2826
エスポワールシチー,2501
エスポワールシチー,2532
エスポワールシチー,2520
エスポワールシチー,2528
エスポワールシチー,3401
エスポワールシチー,3505
エスポワールシチー,3506
エスポワールシチー,3509
エスポワールシチー,2409
エスポワールシチー,9342
エスポワールシチー,9361
エスポワールシチー,9773
エスポワールシチー,9898
エスポワールシチー,9945
エスポワールシチー,10022
エスポワールシチー,409
エスポワールシチー,2747
エスポワールシチー,2603
エスポワールシチー,105
エスポワールシチー,3002
エスポワールシチー,2533
エスポワールシチー,10296
エスポワールシチー,10508
エスポワールシチー,10548
エルコンドルパサー,103
エルコンドルパサー,201
エルコンドルパサー,305
エルコンドルパサー,401
エルコンドルパサー,502
エルコンドルパサー,2601
エルコンドルパサー,7000
エルコンドルパサー,7004
エルコンドルパサー,2811
エルコンドルパサー,2902
エルコンドルパサー,3002
エルコンドルパサー,3003
エルコンドルパサー,3101
エルコンドルパサー,2519
エルコンドルパサー,2507
エルコンドルパサー,3203
エルコンドルパサー,8108
エルコンドルパサー,8109
エルコンドルパサー,8110
エルコンドルパサー,8111
エルコンドルパサー,8112
エルコンドルパサー,8113
エルコンドルパサー,8114
エルコンドルパサー,8115
エルコンドルパサー,2406
エルコンドルパサー,2604
エルコンドルパサー,8455
エルコンドルパサー,8523
エルコンドルパサー,8599
エルコンドルパサー,8622
エルコンドルパサー,8751
エルコンドルパサー,8906
エルコンドルパサー,8938
エルコンドルパサー,8970
エルコンドルパサー,9097
エルコンドルパサー,9189
エルコンドルパサー,524
エルコンドルパサー,3506
エルコンドルパサー,3509
エルコンドルパサー,9328
エルコンドルパサー,9392
エルコンドルパサー,9426
エルコンドルパサー,9460
エルコンドルパサー,9494
エルコンドルパサー,9528
エルコンドルパサー,9562
エルコンドルパサー,9596
エルコンドルパサー,9630
エルコンドルパサー,9690
エルコンドルパサー,9816
エルコンドルパサー,10000
エルコンドルパサー,10067
エルコンドルパサー,10105
エルコンドルパサー,10143
エルコンドルパサー,10205
エルコンドルパサー,10273
エルコンドルパサー,10351
エルコンドルパサー,10390
エルコンドルパサー,10429
エルコンドルパサー,10450
エルコンドルパサー,10483
エルコンドルパサー,2544
オグリキャップ,106
オグリキャップ,202
オグリキャップ,302
オグリキャップ,506
オグリキャップ,2601
オグリキャップ,7009
オグリキャップ,7010
オグリキャップ,7011
オグリキャップ,2701
オグリキャップ,2802
オグリキャップ,2903
オグリキャップ,3002
オグリキャップ,3003
オグリキャップ,3101
オグリキャップ,2523
オグリキャップ,2511
オグリキャップ,2518
オグリキャップ,3203
オグリキャップ,8068
オグリキャップ,8069
オグリキャップ,8070
オグリキャップ,8071
オグリキャップ,8116
オグリキャップ,8178
オグリキャップ,8275
オグリキャップ,8285
オグリキャップ,8310
オグリキャップ,8413
オグリキャップ,8415
オグリキャップ,8417
オグリキャップ,2403
オグリキャップ,2603
オグリキャップ,8436
オグリキャップ,8472
オグリキャップ,8503
オグリキャップ,8529
オグリキャップ,8633
オグリキャップ,8865
オグリキャップ,405
オグリキャップ,523
オグリキャップ,545
オグリキャップ,3504
オグリキャップ,3505
オグリキャップ,3509
オグリキャップ,9298
オグリキャップ,9788
オルフェーヴル,354
オルフェーヴル,105
オルフェーヴル,202
オルフェーヴル,2601
オルフェーヴル,2730
オルフェーヴル,2831
オルフェーヴル,3003
オルフェーヴル,3004
オルフェーヴル,3101
オルフェーヴル,2523
オルフェーヴル,2512
オルフェーヴル,2510
オルフェーヴル,2505
オルフェーヴル,2515
オルフェーヴル,2503
オルフェーヴル,3205
オルフェーヴル,3501
オルフェーヴル,3503
オルフェーヴル,3504
オルフェーヴル,3506
オルフェーヴル,3509
オルフェーヴル,2411
オルフェーヴル,2604
オルフェーヴル,9544
オルフェーヴル,9545
オルフェーヴル,9546
オルフェーヴル,9547
オルフェーヴル,9548
オルフェーヴル,9549
オルフェーヴル,9550
オルフェーヴル,9551
オルフェーヴル,9552
オルフェーヴル,9553
オルフェーヴル,9554
オルフェーヴル,9555
オルフェーヴル,9556
オルフェーヴル,9557
オルフェーヴル,9558
オルフェーヴル,9559
オルフェーヴル,9560
オルフェーヴル,9561
オルフェーヴル,9562
オルフェーヴル,9563
オルフェーヴル,9564
オルフェーヴル,9565
オルフェーヴル,9566
オルフェーヴル,9567
オルフェーヴル,9568
オルフェーヴル,9569
オルフェーヴル,9570
オルフェーヴル,9571
オルフェーヴル,9572
オルフェーヴル,9573
オルフェーヴル,9574
オルフェーヴル,9575
オルフェーヴル,9576
オルフェーヴル,9577
オルフェーヴル,407
オルフェーヴル,2101
オルフェーヴル,2214
オルフェーヴル,9784
オルフェーヴル,9909
オルフェーヴル,9956
オルフェーヴル,10033
オルフェーヴル,2904
オルフェーヴル,2218
オルフェーヴル,2223
オルフェーヴル,10307
オルフェーヴル,10519
オルフェーヴル,10559
カツラギエース,2901
カツラギエース,329
カツラギエース,3101
カツラギエース,202
カツラギエース,406
カツラギエース,548
カツラギエース,2825
カツラギエース,2512
カツラギエース,2519
カツラギエース,2503
カツラギエース,3501
カツラギエース,3503
カツラギエース,3504
カツラギエース,2402
カツラギエース,2603
カツラギエース,106
カツラギエース,2601
カツラギエース,3003
カツラギエース,3204
カツラギエース,9230
カツラギエース,9231
カツラギエース,9232
カツラギエース,9233
カツラギエース,9234
カツラギエース,9235
カツラギエース,9236
カツラギエース,9237
カツラギエース,9238
カツラギエース,9239
カツラギエース,9240
カツラギエース,9241
カツラギエース,9242
カツラギエース,9243
カツラギエース,9244
カツラギエース,9245
カツラギエース,9246
カツラギエース,9247
カツラギエース,9248
カツラギエース,9249
カツラギエース,9250
カツラギエース,9251
カツラギエース,9252
カツラギエース,9253
カツラギエース,9254
カツラギエース,9255
カツラギエース,9256
カツラギエース,9797
カツラギエース,9978
カルストンライトオ,2901
カルストンライトオ,2407
カルストンライトオ,104
カルストンライトオ,202
カルストンライトオ,2601
カルストンライトオ,2733
カルストンライトオ,2814
カルストンライトオ,3001
カルストンライトオ,3101
カルストンライトオ,2513
カルストンライトオ,3205
カルストンライトオ,3401
カルストンライトオ,3506
カルストンライトオ,3508
カルストンライトオ,9706
カルストンライトオ,9707
カルストンライトオ,9708
カルストンライトオ,9709
カルストンライトオ,9710
カルストンライトオ,9711
カルストンライトオ,9712
カルストンライトオ,9713
カルストンライトオ,9714
カルストンライトオ,9715
カルストンライトオ,9716
カルストンライトオ,9717
カルストンライトオ,9718
カルストンライトオ,9719
カルストンライトオ,9720
カルストンライトオ,9721
カルストンライトオ,9722
カルストンライトオ,9723
カルストンライトオ,9724
カルストンライトオ,9725
カルストンライトオ,9726
カルストンライトオ,9727
カルストンライトオ,9728
カルストンライトオ,9729
カルストンライトオ,9730
カルストンライトオ,9731
カルストンライトオ,356
カルストンライトオ,412
カルストンライトオ,2603
カルストンライトオ,9756
カルストンライトオ,9853
カルストンライトオ,9881
カルストンライトオ,10250
カルストンライトオ,10449
カレンチャン,102
カレンチャン,202
カレンチャン,315
カレンチャン,2602
カレンチャン,2817
カレンチャン,2902
カレンチャン,3001
カレンチャン,3101
カレンチャン,2502
カレンチャン,2513
カレンチャン,8008
カレンチャン,8024
カレンチャン,8059
カレンチャン,8089
カレンチャン,8125
カレンチャン,8155
カレンチャン,8169
カレンチャン,8195
カレンチャン,8210
カレンチャン,8226
カレンチャン,8242
カレンチャン,8258
カレンチャン,8275
カレンチャン,8276
カレンチャン,8294
カレンチャン,8341
カレンチャン,8361
カレンチャン,8387
カレンチャン,8405
カレンチャン,8560
カレンチャン,8805
カレンチャン,9036
カレンチャン,9061
カレンチャン,2603
カレンチャン,3203
カレンチャン,416
カレンチャン,543
カレンチャン,2713
カレンチャン,3506
カレンチャン,3508
カレンチャン,2410
カレンチャン,9244
カレンチャン,9264
カレンチャン,9301
カレンチャン,9653
カレンチャン,9739
カレンチャン,9835
カレンチャン,9863
カレンチャン,10230
カレンブーケドール,342
カレンブーケドール,10184
カレンブーケドール,10185
カレンブーケドール,10186
カレンブーケドール,10187
カレンブーケドール,10188
カレンブーケドール,10189
カレンブーケドール,10190
カレンブーケドール,10191
カレンブーケドール,10192
カレンブーケドール,10193
カレンブーケドール,10194
カレンブーケドール,10195
カレンブーケドール,10196
カレンブーケドール,10197
カレンブーケドール,10198
カレンブーケドール,10199
カレンブーケドール,10200
カレンブーケドール,10201
カレンブーケドール,10202
カレンブーケドール,10203
カレンブーケドール,10204
カレンブーケドール,10205
カレンブーケドール,10206
カレンブーケドール,10207
カレンブーケドール,10208
カレンブーケドール,10209
カレンブーケドール,10210
カレンブーケドール,10211
カレンブーケドール,10212
カレンブーケドール,10213
カレンブーケドール,10214
カレンブーケドール,10215
カレンブーケドール,10216
カレンブーケドール,10217
カレンブーケドール,10218
カレンブーケドール,10219
カレンブーケドール,10220
カレンブーケドール,10221
カレンブーケドール,424
カレンブーケドール,101
カレンブーケドール,2833
カレンブーケドール,2902
カレンブーケドール,2413
カレンブーケドール,201
カレンブーケドール,2101
カレンブーケドール,2602
カレンブーケドール,2745
カレンブーケドール,3003
カレンブーケドール,3101
カレンブーケドール,3204
カレンブーケドール,3301
カレンブーケドール,3502
カレンブーケドール,3503
カレンブーケドール,3504
カレンブーケドール,2604
カレンブーケドール,10315
カレンブーケドール,10527
カレンブーケドール,10567
カワカミプリンセス,103
カワカミプリンセス,202
カワカミプリンセス,319
カワカミプリンセス,2602
カワカミプリンセス,2903
カワカミプリンセス,3002
カワカミプリンセス,3003
カワカミプリンセス,3101
カワカミプリンセス,2509
カワカミプリンセス,2514
カワカミプリンセス,8277
カワカミプリンセス,8278
カワカミプリンセス,8279
カワカミプリンセス,8280
カワカミプリンセス,8281
カワカミプリンセス,8282
カワカミプリンセス,8283
カワカミプリンセス,8284
カワカミプリンセス,8362
カワカミプリンセス,8605
カワカミプリンセス,8628
カワカミプリンセス,8689
カワカミプリンセス,8726
カワカミプリンセス,8759
カワカミプリンセス,8914
カワカミプリンセス,8946
カワカミプリンセス,8978
カワカミプリンセス,9105
カワカミプリンセス,9165
カワカミプリンセス,9197
カワカミプリンセス,2604
カワカミプリンセス,413
カワカミプリンセス,546
カワカミプリンセス,3502
カワカミプリンセス,3206
カワカミプリンセス,2409
カワカミプリンセス,9402
カワカミプリンセス,9436
カワカミプリンセス,9470
カワカミプリンセス,9504
カワカミプリンセス,9538
カワカミプリンセス,9572
カワカミプリンセス,9606
カワカミプリンセス,9640
カワカミプリンセス,9700
カワカミプリンセス,9725
カワカミプリンセス,9933
カワカミプリンセス,10010
カワカミプリンセス,10078
カワカミプリンセス,10116
カワカミプリンセス,10154
カワカミプリンセス,10216
カワカミプリンセス,2830
カワカミプリンセス,10284
カワカミプリンセス,10363
カワカミプリンセス,10402
カワカミプリンセス,10441
カワカミプリンセス,10495
キセキ,2901
キセキ,102
キセキ,202
キセキ,372
キセキ,423
キセキ,2221
キセキ,2222
キセキ,2601
キセキ,2748
キセキ,2834
キセキ,3003
キセキ,3101
キセキ,2515
キセキ,3205
キセキ,3401
キセキ,3503
キセキ,3504
キセキ,3506
キセキ,2413
キセキ,10290
キセキ,10291
キセキ,10292
キセキ,10293
キセキ,10294
キセキ,10295
キセキ,10296
キセキ,10297
キセキ,10298
キセキ,10299
キセキ,10300
キセキ,10301
キセキ,10302
キセキ,10303
キセキ,10304
キセキ,10305
キセキ,10306
キセキ,10307
キセキ,10308
キセキ,10309
キセキ,10310
キセキ,10311
キセキ,10312
キセキ,10313
キセキ,10314
キセキ,10315
キセキ,10316
キセキ,10317
キセキ,10318
キセキ,10319
キセキ,10320
キセキ,10321
キセキ,10322
キセキ,10323
キセキ,10324
キセキ,10362
キセキ,10401
キセキ,10440
キセキ,10461
キセキ,10494
キセキ,2603
キタサンブラック,8466
キタサンブラック,8502
キタサンブラック,8581
キタサンブラック,8587
キタサンブラック,8588
キタサンブラック,8589
キタサンブラック,8590
キタサンブラック,8591
キタサンブラック,8592
キタサンブラック,8593
キタサンブラック,8594
キタサンブラック,8596
キタサンブラック,8597
キタサンブラック,8598
キタサンブラック,8599
キタサンブラック,8600
キタサンブラック,8601
キタサンブラック,8602
キタサンブラック,8603
キタサンブラック,8604
キタサンブラック,8605
キタサンブラック,8606
キタサンブラック,8607
キタサンブラック,2901
キタサンブラック,3003
キタサンブラック,3004
キタサンブラック,3101
キタサンブラック,2523
キタサンブラック,2506
キタサンブラック,2516
キタサンブラック,2515
キタサンブラック,2519
キタサンブラック,3203
キタサンブラック,2604
キタサンブラック,101
キタサンブラック,202
キタサンブラック,332
キタサンブラック,515
キタサンブラック,517
キタサンブラック,2203
キタサンブラック,2601
キタサンブラック,7029
キタサンブラック,2703
キタサンブラック,8667
キタサンブラック,8770
キタサンブラック,8824
キタサンブラック,8843
キタサンブラック,8989
キタサンブラック,9007
キタサンブラック,9116
キタサンブラック,9143
キタサンブラック,9208
キタサンブラック,420
キタサンブラック,519
キタサンブラック,2828
キタサンブラック,2503
キタサンブラック,3501
キタサンブラック,3503
キタサンブラック,3504
キタサンブラック,2412
キタサンブラック,9341
キタサンブラック,9360
キタサンブラック,9772
キタサンブラック,9897
キタサンブラック,9944
キタサンブラック,10021
キタサンブラック,10295
キタサンブラック,10507
キタサンブラック,10547
キングヘイロー,103
キングヘイロー,202
キングヘイロー,322
キングヘイロー,401
キングヘイロー,504
キングヘイロー,2601
キングヘイロー,7007
キングヘイロー,7023
キングヘイロー,7024
キングヘイロー,2811
キングヘイロー,2903
キングヘイロー,3001
キングヘイロー,3101
キングヘイロー,2502
キングヘイロー,3204
キングヘイロー,8371
キングヘイロー,8419
キングヘイロー,8420
キングヘイロー,8421
キングヘイロー,8422
キングヘイロー,8423
キングヘイロー,8424
キングヘイロー,8425
キングヘイロー,8426
キングヘイロー,2406
キングヘイロー,2604
キングヘイロー,8607
キングヘイロー,8630
キングヘイロー,8691
キングヘイロー,8728
キングヘイロー,8761
キングヘイロー,8916
キングヘイロー,8948
キングヘイロー,8980
キングヘイロー,9107
キングヘイロー,9167
キングヘイロー,9199
キングヘイロー,541
キングヘイロー,3501
キングヘイロー,3504
キングヘイロー,3508
キングヘイロー,3509
キングヘイロー,9404
キングヘイロー,9438
キングヘイロー,9472
キングヘイロー,9506
キングヘイロー,9540
キングヘイロー,9574
キングヘイロー,9608
キングヘイロー,9642
キングヘイロー,9702
キングヘイロー,9727
キングヘイロー,2738
キングヘイロー,9935
キングヘイロー,10012
キングヘイロー,10080
キングヘイロー,10118
キングヘイロー,10156
キングヘイロー,10218
キングヘイロー,10286
キングヘイロー,10365
キングヘイロー,10404
キングヘイロー,10443
キングヘイロー,10497
クロノジェネシス,101
クロノジェネシス,10160
クロノジェネシス,10161
クロノジェネシス,10162
クロノジェネシス,10163
クロノジェネシス,10164
クロノジェネシス,10165
クロノジェネシス,10166
クロノジェネシス,10167
クロノジェネシス,10168
クロノジェネシス,10169
クロノジェネシス,10170
クロノジェネシス,10171
クロノジェネシス,10172
クロノジェネシス,10173
クロノジェネシス,10174
クロノジェネシス,10175
クロノジェネシス,10176
クロノジェネシス,10177
クロノジェネシス,10178
クロノジェネシス,10179
クロノジェネシス,10180
クロノジェネシス,10181
クロノジェネシス,10182
クロノジェネシス,10183
クロノジェネシス,10249
クロノジェネシス,202
クロノジェネシス,369
クロノジェネシス,424
クロノジェネシス,2602
クロノジェネシス,2744
クロノジェネシス,2833
クロノジェネシス,2902
クロノジェネシス,3003
クロノジェネシス,3101
クロノジェネシス,2523
クロノジェネシス,2512
クロノジェネシス,2514
クロノジェネシス,3203
クロノジェネシス,3502
クロノジェネシス,3503
クロノジェネシス,3504
クロノジェネシス,3506
クロノジェネシス,3509
クロノジェネシス,2413
クロノジェネシス,2603
グラスワンダー,103
グラスワンダー,201
グラスワンダー,305
グラスワンダー,401
グラスワンダー,502
グラスワンダー,2103
グラスワンダー,2601
グラスワンダー,7003
グラスワンダー,7013
グラスワンダー,7023
グラスワンダー,2811
グラスワンダー,2903
グラスワンダー,3002
グラスワンダー,3003
グラスワンダー,3101
グラスワンダー,2523
グラスワンダー,2512
グラスワンダー,2522
グラスワンダー,3202
グラスワンダー,2406
グラスワンダー,2604
グラスワンダー,524
グラスワンダー,536
グラスワンダー,3507
グラスワンダー,3509
グランアレグリア,3201
グランアレグリア,101
グランアレグリア,10084
グランアレグリア,10085
グランアレグリア,10086
グランアレグリア,10087
グランアレグリア,10088
グランアレグリア,10089
グランアレグリア,10090
グランアレグリア,10091
グランアレグリア,10092
グランアレグリア,10093
グランアレグリア,10094
グランアレグリア,10095
グランアレグリア,10096
グランアレグリア,10097
グランアレグリア,10098
グランアレグリア,10099
グランアレグリア,10100
グランアレグリア,10101
グランアレグリア,10102
グランアレグリア,10103
グランアレグリア,10104
グランアレグリア,10105
グランアレグリア,10106
グランアレグリア,10107
グランアレグリア,10108
グランアレグリア,10109
グランアレグリア,10110
グランアレグリア,10111
グランアレグリア,10112
グランアレグリア,10113
グランアレグリア,10114
グランアレグリア,10115
グランアレグリア,10116
グランアレグリア,10117
グランアレグリア,10118
グランアレグリア,10119
グランアレグリア,10120
グランアレグリア,10121
グランアレグリア,201
グランアレグリア,368
グランアレグリア,424
グランアレグリア,2101
グランアレグリア,2602
グランアレグリア,2743
グランアレグリア,2833
グランアレグリア,2903
グランアレグリア,3001
グランアレグリア,3002
グランアレグリア,3101
グランアレグリア,2504
グランアレグリア,2511
グランアレグリア,2518
グランアレグリア,2513
グランアレグリア,2508
グランアレグリア,3508
グランアレグリア,3509
グランアレグリア,2413
グランアレグリア,2603
グランアレグリア,10313
グランアレグリア,10525
グランアレグリア,10565
ケイエスミラクル,3001
ケイエスミラクル,3203
ケイエスミラクル,339
ケイエスミラクル,2804
ケイエスミラクル,105
ケイエスミラクル,202
ケイエスミラクル,2601
ケイエスミラクル,3101
ケイエスミラクル,8757
ケイエスミラクル,8912
ケイエスミラクル,8944
ケイエスミラクル,8976
ケイエスミラクル,8984
ケイエスミラクル,8985
ケイエスミラクル,8986
ケイエスミラクル,8987
ケイエスミラクル,8988
ケイエスミラクル,8989
ケイエスミラクル,8994
ケイエスミラクル,8995
ケイエスミラクル,8996
ケイエスミラクル,8997
ケイエスミラクル,8998
ケイエスミラクル,8999
ケイエスミラクル,9000
ケイエスミラクル,9001
ケイエスミラクル,2404
ケイエスミラクル,2902
ケイエスミラクル,408
ケイエスミラクル,521
ケイエスミラクル,2709
ケイエスミラクル,3301
ケイエスミラクル,3508
ケイエスミラクル,2604
ケイエスミラクル,9334
ケイエスミラクル,9398
ケイエスミラクル,9432
ケイエスミラクル,9466
ケイエスミラクル,9500
ケイエスミラクル,9534
ケイエスミラクル,9568
ケイエスミラクル,9602
ケイエスミラクル,9636
ケイエスミラクル,9696
ケイエスミラクル,9822
ケイエスミラクル,10006
ケイエスミラクル,10073
ケイエスミラクル,10111
ケイエスミラクル,10149
ケイエスミラクル,10211
ケイエスミラクル,10279
ケイエスミラクル,10357
ケイエスミラクル,10396
ケイエスミラクル,10435
ケイエスミラクル,10456
ケイエスミラクル,10489
コパノリッキー,2901
コパノリッキー,3203
コパノリッキー,103
コパノリッキー,7031
コパノリッキー,7032
コパノリッキー,2604
コパノリッキー,202
コパノリッキー,2010
コパノリッキー,2101
コパノリッキー,2601
コパノリッキー,3002
コパノリッキー,3003
コパノリッキー,3102
コパノリッキー,2530
コパノリッキー,2525
コパノリッキー,2501
コパノリッキー,2529
コパノリッキー,8672
コパノリッキー,8775
コパノリッキー,8829
コパノリッキー,8848
コパノリッキー,8994
コパノリッキー,9012
コパノリッキー,9079
コパノリッキー,9080
コパノリッキー,9081
コパノリッキー,9082
コパノリッキー,9083
コパノリッキー,9087
コパノリッキー,9088
コパノリッキー,9089
コパノリッキー,9090
コパノリッキー,9091
コパノリッキー,9092
コパノリッキー,9093
コパノリッキー,9094
コパノリッキー,9096
コパノリッキー,9097
コパノリッキー,9098
コパノリッキー,9099
コパノリッキー,9100
コパノリッキー,9101
コパノリッキー,9102
コパノリッキー,9104
コパノリッキー,9105
コパノリッキー,9106
コパノリッキー,9107
コパノリッキー,9108
コパノリッキー,9109
コパノリッキー,341
コパノリッキー,2532
コパノリッキー,2533
コパノリッキー,413
コパノリッキー,520
コパノリッキー,2711
コパノリッキー,3401
コパノリッキー,3505
コパノリッキー,3509
コパノリッキー,2411
コパノリッキー,9346
コパノリッキー,9365
コパノリッキー,9777
コパノリッキー,9902
コパノリッキー,9949
コパノリッキー,10026
コパノリッキー,2836
コパノリッキー,10300
コパノリッキー,10512
コパノリッキー,10552
ゴールドシチー,104
ゴールドシチー,202
ゴールドシチー,320
ゴールドシチー,2105
ゴールドシチー,2601
ゴールドシチー,2801
ゴールドシチー,2902
ゴールドシチー,3002
ゴールドシチー,3101
ゴールドシチー,3204
ゴールドシチー,8009
ゴールドシチー,8025
ゴールドシチー,8060
ゴールドシチー,8090
ゴールドシチー,8126
ゴールドシチー,8156
ゴールドシチー,8170
ゴールドシチー,8196
ゴールドシチー,8211
ゴールドシチー,8227
ゴールドシチー,8243
ゴールドシチー,8259
ゴールドシチー,8285
ゴールドシチー,8286
ゴールドシチー,8295
ゴールドシチー,8342
ゴールドシチー,8363
ゴールドシチー,8388
ゴールドシチー,8406
ゴールドシチー,8561
ゴールドシチー,2521
ゴールドシチー,8806
ゴールドシチー,9037
ゴールドシチー,9062
ゴールドシチー,412
ゴールドシチー,3501
ゴールドシチー,3503
ゴールドシチー,3507
ゴールドシチー,2706
ゴールドシチー,2403
ゴールドシチー,2603
ゴールドシチー,9245
ゴールドシチー,9265
ゴールドシチー,9302
ゴールドシチー,9654
ゴールドシチー,9740
ゴールドシチー,9836
ゴールドシチー,9864
ゴールドシチー,10231
ゴールドシップ,105
ゴールドシップ,202
ゴールドシップ,2101
ゴールドシップ,2303
ゴールドシップ,2601
ゴールドシップ,7016
ゴールドシップ,2904
ゴールドシップ,3003
ゴールドシップ,3004
ゴールドシップ,3101
ゴールドシップ,2523
ゴールドシップ,2512
ゴールドシップ,2506
ゴールドシップ,2505
ゴールドシップ,2515
ゴールドシップ,3203
ゴールドシップ,8033
ゴールドシップ,8043
ゴールドシップ,8072
ゴールドシップ,8073
ゴールドシップ,8074
ゴールドシップ,8075
ゴールドシップ,8076
ゴールドシップ,8098
ゴールドシップ,8109
ゴールドシップ,8134
ゴールドシップ,8145
ゴールドシップ,8181
ゴールドシップ,8268
ゴールドシップ,8278
ゴールドシップ,8303
ゴールドシップ,8313
ゴールドシップ,8320
ゴールドシップ,8373
ゴールドシップ,8420
ゴールドシップ,2603
ゴールドシップ,8432
ゴールドシップ,8461
ゴールドシップ,8497
ゴールドシップ,8576
ゴールドシップ,8662
ゴールドシップ,8765
ゴールドシップ,8819
ゴールドシップ,8838
ゴールドシップ,8984
ゴールドシップ,9002
ゴールドシップ,9111
ゴールドシップ,9138
ゴールドシップ,9203
ゴールドシップ,407
ゴールドシップ,523
ゴールドシップ,525
ゴールドシップ,528
ゴールドシップ,2827
ゴールドシップ,3401
ゴールドシップ,3501
ゴールドシップ,3503
ゴールドシップ,3504
ゴールドシップ,3506
ゴールドシップ,9336
ゴールドシップ,9355
ゴールドシップ,9767
ゴールドシップ,9892
ゴールドシップ,9939
ゴールドシップ,10016
ゴールドシップ,2744
ゴールドシップ,370
ゴールドシップ,10290
ゴールドシップ,10502
ゴールドシップ,10542
サイレンススズカ,104
サイレンススズカ,202
サイレンススズカ,301
サイレンススズカ,402
サイレンススズカ,2001
サイレンススズカ,2601
サイレンススズカ,7000
サイレンススズカ,7001
サイレンススズカ,7002
サイレンススズカ,7013
サイレンススズカ,7015
サイレンススズカ,2810
サイレンススズカ,2901
サイレンススズカ,3003
サイレンススズカ,3101
サイレンススズカ,2512
サイレンススズカ,3205
サイレンススズカ,8017
サイレンススズカ,8018
サイレンススズカ,8019
サイレンススズカ,8020
サイレンススズカ,8021
サイレンススズカ,8022
サイレンススズカ,8023
サイレンススズカ,8024
サイレンススズカ,8025
サイレンススズカ,8026
サイレンススズカ,8027
サイレンススズカ,8028
サイレンススズカ,8029
サイレンススズカ,8030
サイレンススズカ,8031
サイレンススズカ,8032
サイレンススズカ,2406
サイレンススズカ,2603
サイレンススズカ,8444
サイレンススズカ,8480
サイレンススズカ,8512
サイレンススズカ,8537
サイレンススズカ,8641
サイレンススズカ,518
サイレンススズカ,8676
サイレンススズカ,8700
サイレンススズカ,8874
サイレンススズカ,9152
サイレンススズカ,523
サイレンススズカ,525
サイレンススズカ,526
サイレンススズカ,2724
サイレンススズカ,3506
サイレンススズカ,3509
サイレンススズカ,9314
サイレンススズカ,9710
サイレンススズカ,9800
サイレンススズカ,9915
サイレンススズカ,10166
サウンズオブアース,202
サウンズオブアース,2601
サウンズオブアース,8673
サウンズオブアース,8776
サウンズオブアース,8830
サウンズオブアース,8849
サウンズオブアース,8995
サウンズオブアース,9013
サウンズオブアース,9122
サウンズオブアース,9149
サウンズオブアース,9171
サウンズオブアース,9172
サウンズオブアース,9173
サウンズオブアース,9174
サウンズオブアース,9175
サウンズオブアース,9179
サウンズオブアース,9180
サウンズオブアース,9181
サウンズオブアース,9182
サウンズオブアース,9183
サウンズオブアース,9184
サウンズオブアース,9185
サウンズオブアース,9186
サウンズオブアース,9189
サウンズオブアース,9190
サウンズオブアース,9191
サウンズオブアース,9192
サウンズオブアース,9193
サウンズオブアース,9194
サウンズオブアース,9197
サウンズオブアース,9198
サウンズオブアース,9199
サウンズオブアース,9200
サウンズオブアース,9201
サウンズオブアース,2903
サウンズオブアース,417
サウンズオブアース,2718
サウンズオブアース,3301
サウンズオブアース,3401
サウンズオブアース,3501
サウンズオブアース,3504
サウンズオブアース,3506
サウンズオブアース,2209
サウンズオブアース,2412
サウンズオブアース,9347
サウンズオブアース,9366
サウンズオブアース,3101
サウンズオブアース,3204
サウンズオブアース,2603
サウンズオブアース,102
サウンズオブアース,357
サウンズオブアース,3004
サウンズオブアース,9778
サウンズオブアース,9903
サウンズオブアース,9950
サウンズオブアース,10027
サウンズオブアース,10301
サウンズオブアース,10513
サウンズオブアース,10553
サクラチヨノオー,104
サクラチヨノオー,201
サクラチヨノオー,324
サクラチヨノオー,511
サクラチヨノオー,512
サクラチヨノオー,2202
サクラチヨノオー,7025
サクラチヨノオー,7026
サクラチヨノオー,2802
サクラチヨノオー,2902
サクラチヨノオー,3002
サクラチヨノオー,3003
サクラチヨノオー,2510
サクラチヨノオー,2522
サクラチヨノオー,3202
サクラチヨノオー,8427
サクラチヨノオー,8428
サクラチヨノオー,8429
サクラチヨノオー,8430
サクラチヨノオー,8431
サクラチヨノオー,8432
サクラチヨノオー,8433
サクラチヨノオー,8434
サクラチヨノオー,8435
サクラチヨノオー,8436
サクラチヨノオー,8437
サクラチヨノオー,8438
サクラチヨノオー,8439
サクラチヨノオー,8440
サクラチヨノオー,8441
サクラチヨノオー,8442
サクラチヨノオー,8443
サクラチヨノオー,8444
サクラチヨノオー,8445
サクラチヨノオー,8446
サクラチヨノオー,8447
サクラチヨノオー,8448
サクラチヨノオー,8449
サクラチヨノオー,8450
サクラチヨノオー,8451
サクラチヨノオー,8452
サクラチヨノオー,8453
サクラチヨノオー,8454
サクラチヨノオー,8455
サクラチヨノオー,8456
サクラチヨノオー,8457
サクラチヨノオー,8458
サクラチヨノオー,8459
サクラチヨノオー,8460
サクラチヨノオー,2403
サクラチヨノオー,2604
サクラチヨノオー,8557
サクラチヨノオー,8594
サクラチヨノオー,8617
サクラチヨノオー,3101
サクラチヨノオー,2601
サクラチヨノオー,8697
サクラチヨノオー,8744
サクラチヨノオー,8779
サクラチヨノオー,8802
サクラチヨノオー,8852
サクラチヨノオー,8899
サクラチヨノオー,8931
サクラチヨノオー,8963
サクラチヨノオー,9000
サクラチヨノオー,9016
サクラチヨノオー,9033
サクラチヨノオー,9058
サクラチヨノオー,9090
サクラチヨノオー,9127
サクラチヨノオー,9182
サクラチヨノオー,9217
サクラチヨノオー,411
サクラチヨノオー,3501
サクラチヨノオー,3507
サクラチヨノオー,3509
サクラチヨノオー,9241
サクラチヨノオー,9261
サクラチヨノオー,9296
サクラチヨノオー,9352
サクラチヨノオー,9371
サクラチヨノオー,9385
サクラチヨノオー,9419
サクラチヨノオー,9453
サクラチヨノオー,9487
サクラチヨノオー,9521
サクラチヨノオー,9555
サクラチヨノオー,9589
サクラチヨノオー,9623
サクラチヨノオー,9650
サクラチヨノオー,9683
サクラチヨノオー,9736
サクラチヨノオー,9831
サクラチヨノオー,9859
サクラチヨノオー,9962
サクラチヨノオー,9991
サクラチヨノオー,10042
サクラチヨノオー,10058
サクラチヨノオー,10096
サクラチヨノオー,10134
サクラチヨノオー,10162
サクラチヨノオー,10196
サクラチヨノオー,10226
サクラチヨノオー,10264
サクラチヨノオー,10321
サクラチヨノオー,10342
サクラチヨノオー,10381
サクラチヨノオー,10420
サクラチヨノオー,10474
サクラチヨノオー,10537
サクラチヨノオー,10577
サクラバクシンオー,104
サクラバクシンオー,201
サクラバクシンオー,2003
サクラバクシンオー,2106
サクラバクシンオー,2601
サクラバクシンオー,2805
サクラバクシンオー,2902
サクラバクシンオー,3001
サクラバクシンオー,3101
サクラバクシンオー,2513
サクラバクシンオー,3204
サクラバクシンオー,8287
サクラバクシンオー,8288
サクラバクシンオー,8289
サクラバクシンオー,8290
サクラバクシンオー,8291
サクラバクシンオー,8292
サクラバクシンオー,8293
サクラバクシンオー,8294
サクラバクシンオー,8295
サクラバクシンオー,8296
サクラバクシンオー,8297
サクラバクシンオー,8298
サクラバクシンオー,8299
サクラバクシンオー,8300
サクラバクシンオー,8301
サクラバクシンオー,509
サクラバクシンオー,2404
サクラバクシンオー,2603
サクラバクシンオー,511
サクラバクシンオー,8441
サクラバクシンオー,8476
サクラバクシンオー,8508
サクラバクシンオー,8533
サクラバクシンオー,8570
サクラバクシンオー,8574
サクラバクシンオー,8637
サクラバクシンオー,2203
サクラバクシンオー,8788
サクラバクシンオー,8862
サクラバクシンオー,8869
サクラバクシンオー,9026
サクラバクシンオー,9227
サクラバクシンオー,411
サクラバクシンオー,2720
サクラバクシンオー,3508
サクラバクシンオー,9794
サクラバクシンオー,9975
サクラローレル,511
サクラローレル,2903
サクラローレル,3004
サクラローレル,3101
サクラローレル,2506
サクラローレル,3205
サクラローレル,105
サクラローレル,201
サクラローレル,337
サクラローレル,2601
サクラローレル,2807
サクラローレル,2523
サクラローレル,8695
サクラローレル,8696
サクラローレル,8697
サクラローレル,8698
サクラローレル,8699
サクラローレル,8700
サクラローレル,8701
サクラローレル,8702
サクラローレル,8703
サクラローレル,8704
サクラローレル,8705
サクラローレル,8706
サクラローレル,8707
サクラローレル,8708
サクラローレル,8709
サクラローレル,8710
サクラローレル,8711
サクラローレル,8712
サクラローレル,407
サクラローレル,3504
サクラローレル,3506
サクラローレル,2405
サクラローレル,2603
サクラローレル,9281
サクラローレル,9670
サクラローレル,9755
サクラローレル,9792
サクラローレル,9852
サクラローレル,9880
サクラローレル,10248
サトノクラウン,2512
サトノクラウン,101
サトノクラウン,201
サトノクラウン,2111
サトノクラウン,2601
サトノクラウン,2703
サトノクラウン,8810
サトノクラウン,8865
サトノクラウン,8866
サトノクラウン,8867
サトノクラウン,8868
サトノクラウン,8869
サトノクラウン,8870
サトノクラウン,8872
サトノクラウン,8873
サトノクラウン,8874
サトノクラウン,8875
サトノクラウン,8876
サトノクラウン,8877
サトノクラウン,8878
サトノクラウン,8879
サトノクラウン,8880
サトノクラウン,8881
サトノクラウン,8882
サトノクラウン,8883
サトノクラウン,8884
サトノクラウン,8885
サトノクラウン,8886
サトノクラウン,8887
サトノクラウン,2903
サトノクラウン,349
サトノクラウン,418
サトノクラウン,504
サトノクラウン,522
サトノクラウン,2828
サトノクラウン,3401
サトノクラウン,3501
サトノクラウン,3503
サトノクラウン,3504
サトノクラウン,3506
サトノクラウン,2604
サトノクラウン,9249
サトノクラウン,9269
サトノクラウン,9306
サトノクラウン,3003
サトノクラウン,3101
サトノクラウン,3203
サトノクラウン,2412
サトノクラウン,9658
サトノクラウン,9744
サトノクラウン,9840
サトノクラウン,9868
サトノクラウン,10235
サトノクラウン,2536
サトノダイヤモンド,8465
サトノダイヤモンド,8501
サトノダイヤモンド,8580
サトノダイヤモンド,8610
サトノダイヤモンド,8611
サトノダイヤモンド,8612
サトノダイヤモンド,8613
サトノダイヤモンド,8614
サトノダイヤモンド,8615
サトノダイヤモンド,8616
サトノダイヤモンド,8617
サトノダイヤモンド,8619
サトノダイヤモンド,8620
サトノダイヤモンド,8621
サトノダイヤモンド,8622
サトノダイヤモンド,8623
サトノダイヤモンド,8624
サトノダイヤモンド,8625
サトノダイヤモンド,8626
サトノダイヤモンド,8627
サトノダイヤモンド,8628
サトノダイヤモンド,8629
サトノダイヤモンド,8630
サトノダイヤモンド,2903
サトノダイヤモンド,3004
サトノダイヤモンド,3101
サトノダイヤモンド,2523
サトノダイヤモンド,2515
サトノダイヤモンド,3201
サトノダイヤモンド,2603
サトノダイヤモンド,101
サトノダイヤモンド,202
サトノダイヤモンド,332
サトノダイヤモンド,515
サトノダイヤモンド,516
サトノダイヤモンド,2601
サトノダイヤモンド,7029
サトノダイヤモンド,2824
サトノダイヤモンド,8666
サトノダイヤモンド,8769
サトノダイヤモンド,8823
サトノダイヤモンド,8842
サトノダイヤモンド,8988
サトノダイヤモンド,9006
サトノダイヤモンド,9115
サトノダイヤモンド,9142
サトノダイヤモンド,9207
サトノダイヤモンド,420
サトノダイヤモンド,504
サトノダイヤモンド,519
サトノダイヤモンド,522
サトノダイヤモンド,3501
サトノダイヤモンド,3503
サトノダイヤモンド,3504
サトノダイヤモンド,3506
サトノダイヤモンド,2412
サトノダイヤモンド,9340
サトノダイヤモンド,9359
サトノダイヤモンド,9771
サトノダイヤモンド,9896
サトノダイヤモンド,9943
サトノダイヤモンド,10020
サトノダイヤモンド,10294
サトノダイヤモンド,10506
サトノダイヤモンド,10546
シュヴァルグラン,3203
シュヴァルグラン,101
シュヴァルグラン,202
シュヴァルグラン,2002
シュヴァルグラン,2101
シュヴァルグラン,2601
シュヴァルグラン,3003
シュヴァルグラン,3004
シュヴァルグラン,3101
シュヴァルグラン,2519
シュヴァルグラン,8669
シュヴァルグラン,8772
シュヴァルグラン,8826
シュヴァルグラン,8845
シュヴァルグラン,8888
シュヴァルグラン,8889
シュヴァルグラン,8890
シュヴァルグラン,8891
シュヴァルグラン,8892
シュヴァルグラン,8895
シュヴァルグラン,8896
シュヴァルグラン,8897
シュヴァルグラン,8898
シュヴァルグラン,8899
シュヴァルグラン,8900
シュヴァルグラン,8901
シュヴァルグラン,8902
シュヴァルグラン,8903
シュヴァルグラン,8905
シュヴァルグラン,8906
シュヴァルグラン,8907
シュヴァルグラン,8908
シュヴァルグラン,8909
シュヴァルグラン,8910
シュヴァルグラン,8911
シュヴァルグラン,8912
シュヴァルグラン,8913
シュヴァルグラン,8914
シュヴァルグラン,8915
シュヴァルグラン,8916
シュヴァルグラン,8917
シュヴァルグラン,8918
シュヴァルグラン,2903
シュヴァルグラン,420
シュヴァルグラン,2708
シュヴァルグラン,2828
シュヴァルグラン,3401
シュヴァルグラン,3503
シュヴァルグラン,3504
シュヴァルグラン,3506
シュヴァルグラン,2603
シュヴァルグラン,2412
シュヴァルグラン,9343
シュヴァルグラン,9362
シュヴァルグラン,355
シュヴァルグラン,9774
シュヴァルグラン,9899
シュヴァルグラン,9946
シュヴァルグラン,10023
シュヴァルグラン,10297
シュヴァルグラン,10509
シュヴァルグラン,10549
シリウスシンボリ,8461
シリウスシンボリ,8462
シリウスシンボリ,8463
シリウスシンボリ,8464
シリウスシンボリ,8465
シリウスシンボリ,8466
シリウスシンボリ,8467
シリウスシンボリ,8468
シリウスシンボリ,8469
シリウスシンボリ,8470
シリウスシンボリ,8471
シリウスシンボリ,2902
シリウスシンボリ,3003
シリウスシンボリ,3101
シリウスシンボリ,2510
シリウスシンボリ,3203
シリウスシンボリ,2402
シリウスシンボリ,2604
シリウスシンボリ,106
シリウスシンボリ,201
シリウスシンボリ,325
シリウスシンボリ,2601
シリウスシンボリ,2818
シリウスシンボリ,8692
シリウスシンボリ,8729
シリウスシンボリ,8762
シリウスシンボリ,8917
シリウスシンボリ,8949
シリウスシンボリ,8981
シリウスシンボリ,9108
シリウスシンボリ,9168
シリウスシンボリ,9200
シリウスシンボリ,406
シリウスシンボリ,2712
シリウスシンボリ,3401
シリウスシンボリ,3506
シリウスシンボリ,3509
シリウスシンボリ,9405
シリウスシンボリ,9439
シリウスシンボリ,9473
シリウスシンボリ,9507
シリウスシンボリ,9541
シリウスシンボリ,9575
シリウスシンボリ,9609
シリウスシンボリ,9643
シリウスシンボリ,9703
シリウスシンボリ,9728
シリウスシンボリ,9936
シリウスシンボリ,10013
シリウスシンボリ,10081
シリウスシンボリ,10119
シリウスシンボリ,10157
シリウスシンボリ,10219
シリウスシンボリ,10287
シリウスシンボリ,10366
シリウスシンボリ,10405
シリウスシンボリ,10444
シリウスシンボリ,10498
シンコウウインディ,105
シンコウウインディ,201
シンコウウインディ,2601
シンコウウインディ,2809
シンコウウインディ,2902
シンコウウインディ,3002
シンコウウインディ,3102
シンコウウインディ,2501
シンコウウインディ,8010
シンコウウインディ,8026
シンコウウインディ,8061
シンコウウインディ,8091
シンコウウインディ,8127
シンコウウインディ,8157
シンコウウインディ,8171
シンコウウインディ,8197
シンコウウインディ,8212
シンコウウインディ,8228
シンコウウインディ,8244
シンコウウインディ,8260
シンコウウインディ,8296
シンコウウインディ,8310
シンコウウインディ,8311
シンコウウインディ,8343
シンコウウインディ,8364
シンコウウインディ,8389
シンコウウインディ,8407
シンコウウインディ,8562
シンコウウインディ,3204
シンコウウインディ,8807
シンコウウインディ,9038
シンコウウインディ,9063
シンコウウインディ,2406
シンコウウインディ,347
シンコウウインディ,2603
シンコウウインディ,404
シンコウウインディ,2720
シンコウウインディ,3505
シンコウウインディ,3509
シンコウウインディ,9246
シンコウウインディ,9266
シンコウウインディ,9303
シンコウウインディ,9655
シンコウウインディ,9741
シンコウウインディ,9837
シンコウウインディ,9865
シンコウウインディ,10232
シンボリクリスエス,2903
シンボリクリスエス,2516
シンボリクリスエス,3201
シンボリクリスエス,201
シンボリクリスエス,105
シンボリクリスエス,2103
シンボリクリスエス,2207
シンボリクリスエス,2601
シンボリクリスエス,3003
シンボリクリスエス,3101
シンボリクリスエス,2523
シンボリクリスエス,2408
シンボリクリスエス,345
シンボリクリスエス,409
シンボリクリスエス,2822
シンボリクリスエス,3504
シンボリクリスエス,2604
シンボリクリスエス,2224
シンボリルドルフ,106
シンボリルドルフ,201
シンボリルドルフ,501
シンボリルドルフ,2201
シンボリルドルフ,2601
シンボリルドルフ,2702
シンボリルドルフ,2902
シンボリルドルフ,3003
シンボリルドルフ,3004
シンボリルドルフ,3101
シンボリルドルフ,2523
シンボリルドルフ,2510
シンボリルドルフ,2506
シンボリルドルフ,2505
シンボリルドルフ,2515
シンボリルドルフ,2519
シンボリルドルフ,3203
シンボリルドルフ,8005
シンボリルドルフ,8021
シンボリルドルフ,8056
シンボリルドルフ,8086
シンボリルドルフ,8122
シンボリルドルフ,8134
シンボリルドルフ,8135
シンボリルドルフ,8136
シンボリルドルフ,8137
シンボリルドルフ,8138
シンボリルドルフ,8139
シンボリルドルフ,8140
シンボリルドルフ,8141
シンボリルドルフ,8142
シンボリルドルフ,8143
シンボリルドルフ,8166
シンボリルドルフ,8207
シンボリルドルフ,8223
シンボリルドルフ,8239
シンボリルドルフ,8255
シンボリルドルフ,8281
シンボリルドルフ,8338
シンボリルドルフ,8376
シンボリルドルフ,8384
シンボリルドルフ,8423
シンボリルドルフ,2402
シンボリルドルフ,2604
シンボリルドルフ,8470
シンボリルドルフ,8585
シンボリルドルフ,8598
シンボリルドルフ,8621
シンボリルドルフ,2206
シンボリルドルフ,8748
シンボリルドルフ,8783
シンボリルドルフ,8834
シンボリルドルフ,8856
シンボリルドルフ,8903
シンボリルドルフ,8935
シンボリルドルフ,8967
シンボリルドルフ,9020
シンボリルドルフ,9049
シンボリルドルフ,9074
シンボリルドルフ,9094
シンボリルドルフ,9186
シンボリルドルフ,9221
シンボリルドルフ,406
シンボリルドルフ,524
シンボリルドルフ,3501
シンボリルドルフ,3503
シンボリルドルフ,3504
シンボリルドルフ,3506
シンボリルドルフ,9277
シンボリルドルフ,9389
シンボリルドルフ,9423
シンボリルドルフ,9457
シンボリルドルフ,9491
シンボリルドルフ,9525
シンボリルドルフ,9559
シンボリルドルフ,9593
シンボリルドルフ,9627
シンボリルドルフ,9666
シンボリルドルフ,9687
シンボリルドルフ,9752
シンボリルドルフ,9848
シンボリルドルフ,9876
シンボリルドルフ,9967
シンボリルドルフ,9996
シンボリルドルフ,10063
シンボリルドルフ,10101
シンボリルドルフ,10139
シンボリルドルフ,10201
シンボリルドルフ,10243
シンボリルドルフ,10269
シンボリルドルフ,10347
シンボリルドルフ,10386
シンボリルドルフ,10425
シンボリルドルフ,10479
シーキングザパール,106
シーキングザパール,202
シーキングザパール,319
シーキングザパール,2602
シーキングザパール,2810
シーキングザパール,2903
シーキングザパール,3001
シーキングザパール,3002
シーキングザパール,3101
シーキングザパール,2507
シーキングザパール,3204
シーキングザパール,8302
シーキングザパール,8303
シーキングザパール,8304
シーキングザパール,8305
シーキングザパール,8306
シーキングザパール,8307
シーキングザパール,8308
シーキングザパール,8309
シーキングザパール,8459
シーキングザパール,8527
シーキングザパール,8603
シーキングザパール,8626
シーキングザパール,2604
シーキングザパール,2706
シーキングザパール,8755
シーキングザパール,8910
シーキングザパール,8942
シーキングザパール,8974
シーキングザパール,9101
シーキングザパール,9193
シーキングザパール,2406
シーキングザパール,3506
シーキングザパール,3508
シーキングザパール,3509
シーキングザパール,9332
シーキングザパール,9396
シーキングザパール,9430
シーキングザパール,9464
シーキングザパール,9498
シーキングザパール,9532
シーキングザパール,9566
シーキングザパール,9600
シーキングザパール,9634
シーキングザパール,9694
シーキングザパール,422
シーキングザパール,9820
シーキングザパール,10004
シーキングザパール,10071
シーキングザパール,10109
シーキングザパール,10147
シーキングザパール,10209
シーキングザパール,10277
シーキングザパール,10355
シーキングザパール,10394
シーキングザパール,10433
シーキングザパール,10454
シーキングザパール,10487
シーキングザパール,2545
シーザリオ,102
シーザリオ,350
シーザリオ,2212
シーザリオ,202
シーザリオ,2602
シーザリオ,2713
シーザリオ,2829
シーザリオ,3003
シーザリオ,3101
シーザリオ,2509
シーザリオ,3203
シーザリオ,3502
シーザリオ,3506
シーザリオ,3509
シーザリオ,2409
シーザリオ,2603
シーザリオ,9374
シーザリオ,9375
シーザリオ,9376
シーザリオ,9377
シーザリオ,9378
シーザリオ,9379
シーザリオ,9380
シーザリオ,9381
シーザリオ,9382
シーザリオ,9383
シーザリオ,9384
シーザリオ,9385
シーザリオ,9386
シーザリオ,9387
シーザリオ,9388
シーザリオ,9389
シーザリオ,9390
シーザリオ,9391
シーザリオ,9392
シーザリオ,9393
シーザリオ,9394
シーザリオ,9395
シーザリオ,9396
シーザリオ,9397
シーザリオ,9398
シーザリオ,9399
シーザリオ,9400
シーザリオ,9401
シーザリオ,9402
シーザリオ,9403
シーザリオ,9404
シーザリオ,9405
シーザリオ,9406
シーザリオ,9407
シーザリオ,421
シーザリオ,2101
シーザリオ,9779
シーザリオ,2903
シーザリオ,9904
シーザリオ,9951
シーザリオ,10028
シーザリオ,2225
シーザリオ,10302
シーザリオ,10514
シーザリオ,10554
シーザリオ,2548
ジェンティルドンナ,2902
ジェンティルドンナ,353
ジェンティルドンナ,105
ジェンティルドンナ,202
ジェンティルドンナ,2602
ジェンティルドンナ,2827
ジェンティルドンナ,3002
ジェンティルドンナ,3003
ジェンティルドンナ,3101
ジェンティルドンナ,2523
ジェンティルドンナ,2509
ジェンティルドンナ,2514
ジェンティルドンナ,2504
ジェンティルドンナ,2519
ジェンティルドンナ,3202
ジェンティルドンナ,3502
ジェンティルドンナ,3504
ジェンティルドンナ,3506
ジェンティルドンナ,3509
ジェンティルドンナ,2411
ジェンティルドンナ,2603
ジェンティルドンナ,9578
ジェンティルドンナ,9579
ジェンティルドンナ,9580
ジェンティルドンナ,9581
ジェンティルドンナ,9582
ジェンティルドンナ,9583
ジェンティルドンナ,9584
ジェンティルドンナ,9585
ジェンティルドンナ,9586
ジェンティルドンナ,9587
ジェンティルドンナ,9588
ジェンティルドンナ,9589
ジェンティルドンナ,9590
ジェンティルドンナ,9591
ジェンティルドンナ,9592
ジェンティルドンナ,9593
ジェンティルドンナ,9594
ジェンティルドンナ,9595
ジェンティルドンナ,9596
ジェンティルドンナ,9597
ジェンティルドンナ,9598
ジェンティルドンナ,9599
ジェンティルドンナ,9600
ジェンティルドンナ,9601
ジェンティルドンナ,9602
ジェンティルドンナ,9603
ジェンティルドンナ,9604
ジェンティルドンナ,9605
ジェンティルドンナ,9606
ジェンティルドンナ,9607
ジェンティルドンナ,9608
ジェンティルドンナ,9609
ジェンティルドンナ,9610
ジェンティルドンナ,9611
ジェンティルドンナ,407
ジェンティルドンナ,2101
ジェンティルドンナ,2736
ジェンティルドンナ,9785
ジェンティルドンナ,9910
ジェンティルドンナ,9957
ジェンティルドンナ,10034
ジェンティルドンナ,10308
ジェンティルドンナ,10520
ジェンティルドンナ,10560
ジェンティルドンナ,2541
ジャングルポケット,2903
ジャングルポケット,2510
ジャングルポケット,3205
ジャングルポケット,340
ジャングルポケット,104
ジャングルポケット,202
ジャングルポケット,2002
ジャングルポケット,2208
ジャングルポケット,2601
ジャングルポケット,2814
ジャングルポケット,3003
ジャングルポケット,3101
ジャングルポケット,2519
ジャングルポケット,8660
ジャングルポケット,8720
ジャングルポケット,8740
ジャングルポケット,8798
ジャングルポケット,8895
ジャングルポケット,8927
ジャングルポケット,8959
ジャングルポケット,9002
ジャングルポケット,9003
ジャングルポケット,9004
ジャングルポケット,9005
ジャングルポケット,9006
ジャングルポケット,9007
ジャングルポケット,9012
ジャングルポケット,9013
ジャングルポケット,9014
ジャングルポケット,9015
ジャングルポケット,9016
ジャングルポケット,9017
ジャングルポケット,9018
ジャングルポケット,9019
ジャングルポケット,9020
ジャングルポケット,9022
ジャングルポケット,9023
ジャングルポケット,9025
ジャングルポケット,9026
ジャングルポケット,9027
ジャングルポケット,2407
ジャングルポケット,410
ジャングルポケット,2726
ジャングルポケット,3501
ジャングルポケット,3504
ジャングルポケット,9237
ジャングルポケット,9289
ジャングルポケット,9381
ジャングルポケット,9415
ジャングルポケット,9449
ジャングルポケット,9483
ジャングルポケット,9517
ジャングルポケット,9551
ジャングルポケット,9585
ジャングルポケット,9619
ジャングルポケット,9679
ジャングルポケット,2604
ジャングルポケット,9765
ジャングルポケット,9890
ジャングルポケット,9986
ジャングルポケット,10053
ジャングルポケット,10091
ジャングルポケット,10129
ジャングルポケット,10191
ジャングルポケット,10259
ジャングルポケット,10337
ジャングルポケット,10376
ジャングルポケット,10415
ジャングルポケット,10469
スイープトウショウ,101
スイープトウショウ,202
スイープトウショウ,2602
スイープトウショウ,2904
スイープトウショウ,3003
スイープトウショウ,3101
スイープトウショウ,2512
スイープトウショウ,2514
スイープトウショウ,2517
スイープトウショウ,8312
スイープトウショウ,8313
スイープトウショウ,8314
スイープトウショウ,8315
スイープトウショウ,8316
スイープトウショウ,8317
スイープトウショウ,8318
スイープトウショウ,8319
スイープトウショウ,8460
スイープトウショウ,8528
スイープトウショウ,8604
スイープトウショウ,8627
スイープトウショウ,2603
スイープトウショウ,335
スイープトウショウ,519
スイープトウショウ,2408
スイープトウショウ,8756
スイープトウショウ,8911
スイープトウショウ,8943
スイープトウショウ,8975
スイープトウショウ,9102
スイープトウショウ,9194
スイープトウショウ,3205
スイープトウショウ,419
スイープトウショウ,3401
スイープトウショウ,3502
スイープトウショウ,3504
スイープトウショウ,3509
スイープトウショウ,9333
スイープトウショウ,9397
スイープトウショウ,9431
スイープトウショウ,9465
スイープトウショウ,9499
スイープトウショウ,9533
スイープトウショウ,9567
スイープトウショウ,9601
スイープトウショウ,9635
スイープトウショウ,9695
スイープトウショウ,9821
スイープトウショウ,10005
スイープトウショウ,10072
スイープトウショウ,10110
スイープトウショウ,10148
スイープトウショウ,10210
スイープトウショウ,10278
スイープトウショウ,10356
スイープトウショウ,10395
スイープトウショウ,10434
スイープトウショウ,10455
スイープトウショウ,10488
スティルインラブ,3205
スティルインラブ,202
スティルインラブ,2001
スティルインラブ,3002
スティルインラブ,3003
スティルインラブ,3101
スティルインラブ,2509
スティルインラブ,2514
スティルインラブ,2504
スティルインラブ,8688
スティルインラブ,8712
スティルインラブ,8886
スティルインラブ,9054
スティルインラブ,9055
スティルインラブ,9056
スティルインラブ,9057
スティルインラブ,9058
スティルインラブ,9059
スティルインラブ,9060
スティルインラブ,9061
スティルインラブ,9062
スティルインラブ,9063
スティルインラブ,9064
スティルインラブ,9065
スティルインラブ,9067
スティルインラブ,9068
スティルインラブ,9069
スティルインラブ,9070
スティルインラブ,9071
スティルインラブ,9072
スティルインラブ,9073
スティルインラブ,9074
スティルインラブ,9076
スティルインラブ,9077
スティルインラブ,2903
スティルインラブ,348
スティルインラブ,417
スティルインラブ,2725
スティルインラブ,2823
スティルインラブ,3502
スティルインラブ,3509
スティルインラブ,9326
スティルインラブ,9722
スティルインラブ,9812
スティルインラブ,9927
スティルインラブ,10178
スティルインラブ,2602
スティルインラブ,102
スティルインラブ,2408
スティルインラブ,2604
ステイゴールド,2406
ステイゴールド,2219
ステイゴールド,10222
ステイゴールド,10223
ステイゴールド,10224
ステイゴールド,10225
ステイゴールド,10226
ステイゴールド,10227
ステイゴールド,10228
ステイゴールド,10229
ステイゴールド,10230
ステイゴールド,10231
ステイゴールド,10232
ステイゴールド,10233
ステイゴールド,10234
ステイゴールド,10235
ステイゴールド,10236
ステイゴールド,10237
ステイゴールド,10238
ステイゴールド,10239
ステイゴールド,10240
ステイゴールド,10241
ステイゴールド,10242
ステイゴールド,10243
ステイゴールド,10244
ステイゴールド,10245
ステイゴールド,10246
ステイゴールド,10247
ステイゴールド,10248
ステイゴールド,10249
ステイゴールド,10250
ステイゴールド,10251
ステイゴールド,106
ステイゴールド,202
ステイゴールド,370
ステイゴールド,2001
ステイゴールド,2601
ステイゴールド,2711
ステイゴールド,2810
ステイゴールド,2903
ステイゴールド,3003
ステイゴールド,3101
ステイゴールド,3203
ステイゴールド,3401
ステイゴールド,3503
ステイゴールド,3504
ステイゴールド,3506
ステイゴールド,2603
ステイゴールド,2229
ステイゴールド,2536
ステイゴールド,2541
スペシャルウィーク,103
スペシャルウィーク,202
スペシャルウィーク,301
スペシャルウィーク,401
スペシャルウィーク,502
スペシャルウィーク,2001
スペシャルウィーク,2102
スペシャルウィーク,2301
スペシャルウィーク,2601
スペシャルウィーク,7003
スペシャルウィーク,7004
スペシャルウィーク,7005
スペシャルウィーク,7006
スペシャルウィーク,7007
スペシャルウィーク,2811
スペシャルウィーク,2903
スペシャルウィーク,3003
スペシャルウィーク,3004
スペシャルウィーク,3101
スペシャルウィーク,2510
スペシャルウィーク,2506
スペシャルウィーク,2516
スペシャルウィーク,2519
スペシャルウィーク,3205
スペシャルウィーク,8001
スペシャルウィーク,8002
スペシャルウィーク,8003
スペシャルウィーク,8004
スペシャルウィーク,8005
スペシャルウィーク,8006
スペシャルウィーク,8007
スペシャルウィーク,8008
スペシャルウィーク,8009
スペシャルウィーク,8010
スペシャルウィーク,8011
スペシャルウィーク,8012
スペシャルウィーク,8013
スペシャルウィーク,8014
スペシャルウィーク,8015
スペシャルウィーク,8016
スペシャルウィーク,2406
スペシャルウィーク,2603
スペシャルウィーク,510
スペシャルウィーク,8443
スペシャルウィーク,8479
スペシャルウィーク,8511
スペシャルウィーク,8536
スペシャルウィーク,8640
スペシャルウィーク,8675
スペシャルウィーク,8699
スペシャルウィーク,8873
スペシャルウィーク,9151
スペシャルウィーク,523
スペシャルウィーク,525
スペシャルウィーク,2725
スペシャルウィーク,3501
スペシャルウィーク,3503
スペシャルウィーク,3504
スペシャルウィーク,2212
スペシャルウィーク,9313
スペシャルウィーク,9709
スペシャルウィーク,2213
スペシャルウィーク,9799
スペシャルウィーク,9914
スペシャルウィーク,10165
スペシャルウィーク,2226
スマートファルコン,105
スマートファルコン,202
スマートファルコン,318
スマートファルコン,2101
スマートファルコン,2601
スマートファルコン,2705
スマートファルコン,2901
スマートファルコン,3002
スマートファルコン,3003
スマートファルコン,3102
スマートファルコン,2530
スマートファルコン,2525
スマートファルコン,2531
スマートファルコン,2529
スマートファルコン,3204
スマートファルコン,8039
スマートファルコン,8049
スマートファルコン,8104
スマートファルコン,8113
スマートファルコン,8140
スマートファルコン,8149
スマートファルコン,8185
スマートファルコン,8272
スマートファルコン,8282
スマートファルコン,8307
スマートファルコン,8317
スマートファルコン,8326
スマートファルコン,8329
スマートファルコン,8330
スマートファルコン,8331
スマートファルコン,8332
スマートファルコン,8333
スマートファルコン,8377
スマートファルコン,8424
スマートファルコン,8434
スマートファルコン,8463
スマートファルコン,8499
スマートファルコン,8578
スマートファルコン,518
スマートファルコン,2010
スマートファルコン,8664
スマートファルコン,8767
スマートファルコン,8821
スマートファルコン,8840
スマートファルコン,8986
スマートファルコン,9004
スマートファルコン,9113
スマートファルコン,9140
スマートファルコン,9205
スマートファルコン,407
スマートファルコン,520
スマートファルコン,530
スマートファルコン,2826
スマートファルコン,3401
スマートファルコン,3505
スマートファルコン,3506
スマートファルコン,3508
スマートファルコン,3509
スマートファルコン,2409
スマートファルコン,2604
スマートファルコン,9338
スマートファルコン,9357
スマートファルコン,9769
スマートファルコン,9894
スマートファルコン,9941
スマートファルコン,10018
スマートファルコン,10292
スマートファルコン,10504
スマートファルコン,10544
スーパークリーク,106
スーパークリーク,202
スーパークリーク,321
スーパークリーク,506
スーパークリーク,2601
スーパークリーク,7011
スーパークリーク,7017
スーパークリーク,2802
スーパークリーク,2902
スーパークリーク,3003
スーパークリーク,3004
スーパークリーク,3101
スーパークリーク,2506
スーパークリーク,2516
スーパークリーク,2515
スーパークリーク,3205
スーパークリーク,8011
スーパークリーク,8027
スーパークリーク,8062
スーパークリーク,8070
スーパークリーク,8092
スーパークリーク,8112
スーパークリーク,8128
スーパークリーク,8148
スーパークリーク,8158
スーパークリーク,8172
スーパークリーク,8184
スーパークリーク,8198
スーパークリーク,8213
スーパークリーク,8229
スーパークリーク,8245
スーパークリーク,8261
スーパークリーク,8271
スーパークリーク,8297
スーパークリーク,8306
スーパークリーク,8316
スーパークリーク,8320
スーパークリーク,8321
スーパークリーク,8322
スーパークリーク,8323
スーパークリーク,8324
スーパークリーク,8325
スーパークリーク,8326
スーパークリーク,8327
スーパークリーク,8328
スーパークリーク,8344
スーパークリーク,8356
スーパークリーク,8390
スーパークリーク,8397
スーパークリーク,8408
スーパークリーク,2403
スーパークリーク,2603
スーパークリーク,8556
スーパークリーク,8593
スーパークリーク,8616
スーパークリーク,8696
スーパークリーク,8743
スーパークリーク,8778
スーパークリーク,8801
スーパークリーク,8851
スーパークリーク,8898
スーパークリーク,8930
スーパークリーク,8962
スーパークリーク,8999
スーパークリーク,9015
スーパークリーク,9032
スーパークリーク,9057
スーパークリーク,9089
スーパークリーク,9126
スーパークリーク,9181
スーパークリーク,9216
スーパークリーク,405
スーパークリーク,2727
スーパークリーク,2503
スーパークリーク,3503
スーパークリーク,3504
スーパークリーク,9240
スーパークリーク,9260
スーパークリーク,9295
スーパークリーク,9351
スーパークリーク,9370
スーパークリーク,9384
スーパークリーク,9418
スーパークリーク,9452
スーパークリーク,9486
スーパークリーク,9520
スーパークリーク,9554
スーパークリーク,9588
スーパークリーク,9622
スーパークリーク,9649
スーパークリーク,9682
スーパークリーク,9735
スーパークリーク,9830
スーパークリーク,9858
スーパークリーク,9961
スーパークリーク,9990
スーパークリーク,10041
スーパークリーク,10057
スーパークリーク,10095
スーパークリーク,10133
スーパークリーク,10161
スーパークリーク,10195
スーパークリーク,10225
スーパークリーク,10263
スーパークリーク,10320
スーパークリーク,10341
スーパークリーク,10380
スーパークリーク,10419
スーパークリーク,10473
スーパークリーク,10536
スーパークリーク,10576
セイウンスカイ,103
セイウンスカイ,201
セイウンスカイ,401
セイウンスカイ,502
セイウンスカイ,2601
セイウンスカイ,7006
セイウンスカイ,7024
セイウンスカイ,2811
セイウンスカイ,2901
セイウンスカイ,3003
セイウンスカイ,3004
セイウンスカイ,3101
セイウンスカイ,2505
セイウンスカイ,2515
セイウンスカイ,3204
セイウンスカイ,8152
セイウンスカイ,8153
セイウンスカイ,8154
セイウンスカイ,8155
セイウンスカイ,8156
セイウンスカイ,8157
セイウンスカイ,8158
セイウンスカイ,8159
セイウンスカイ,8160
セイウンスカイ,8161
セイウンスカイ,8438
セイウンスカイ,8474
セイウンスカイ,8505
セイウンスカイ,8531
セイウンスカイ,8635
セイウンスカイ,337
セイウンスカイ,8725
セイウンスカイ,8867
セイウンスカイ,2603
セイウンスカイ,535
セイウンスカイ,2723
セイウンスカイ,3501
セイウンスカイ,3504
セイウンスカイ,2406
セイウンスカイ,9790
ゼンノロブロイ,102
ゼンノロブロイ,201
ゼンノロブロイ,313
ゼンノロブロイ,2601
ゼンノロブロイ,2902
ゼンノロブロイ,3003
ゼンノロブロイ,3101
ゼンノロブロイ,2523
ゼンノロブロイ,2516
ゼンノロブロイ,2519
ゼンノロブロイ,8334
ゼンノロブロイ,8335
ゼンノロブロイ,8336
ゼンノロブロイ,8337
ゼンノロブロイ,8338
ゼンノロブロイ,8339
ゼンノロブロイ,8340
ゼンノロブロイ,8341
ゼンノロブロイ,8342
ゼンノロブロイ,8343
ゼンノロブロイ,8344
ゼンノロブロイ,8345
ゼンノロブロイ,8346
ゼンノロブロイ,8347
ゼンノロブロイ,8348
ゼンノロブロイ,8349
ゼンノロブロイ,8453
ゼンノロブロイ,8489
ゼンノロブロイ,8521
ゼンノロブロイ,8546
ゼンノロブロイ,8650
ゼンノロブロイ,2603
ゼンノロブロイ,2001
ゼンノロブロイ,8685
ゼンノロブロイ,8709
ゼンノロブロイ,8883
ゼンノロブロイ,9161
ゼンノロブロイ,2408
ゼンノロブロイ,3203
ゼンノロブロイ,2701
ゼンノロブロイ,417
ゼンノロブロイ,550
ゼンノロブロイ,2823
ゼンノロブロイ,3501
ゼンノロブロイ,3503
ゼンノロブロイ,3504
ゼンノロブロイ,3506
ゼンノロブロイ,9323
ゼンノロブロイ,9719
ゼンノロブロイ,9809
ゼンノロブロイ,9924
ゼンノロブロイ,10175
タイキシャトル,104
タイキシャトル,201
タイキシャトル,304
タイキシャトル,402
タイキシャトル,2601
タイキシャトル,2810
タイキシャトル,2902
タイキシャトル,3001
タイキシャトル,3002
タイキシャトル,3101
タイキシャトル,2511
タイキシャトル,2518
タイキシャトル,2513
タイキシャトル,3203
タイキシャトル,8082
タイキシャトル,8083
タイキシャトル,8084
タイキシャトル,8085
タイキシャトル,8086
タイキシャトル,8087
タイキシャトル,8088
タイキシャトル,8089
タイキシャトル,8090
タイキシャトル,8091
タイキシャトル,8092
タイキシャトル,8093
タイキシャトル,8094
タイキシャトル,8095
タイキシャトル,8096
タイキシャトル,8097
タイキシャトル,2406
タイキシャトル,2604
タイキシャトル,8446
タイキシャトル,8482
タイキシャトル,8514
タイキシャトル,8539
タイキシャトル,8643
タイキシャトル,8678
タイキシャトル,8702
タイキシャトル,8876
タイキシャトル,9154
タイキシャトル,524
タイキシャトル,534
タイキシャトル,3506
タイキシャトル,3508
タイキシャトル,3509
タイキシャトル,9316
タイキシャトル,9712
タイキシャトル,9802
タイキシャトル,9917
タイキシャトル,10168
タイキシャトル,2543
タップダンスシチー,330
タップダンスシチー,2901
タップダンスシチー,202
タップダンスシチー,410
タップダンスシチー,2709
タップダンスシチー,2813
タップダンスシチー,2512
タップダンスシチー,2519
タップダンスシチー,3401
タップダンスシチー,3504
タップダンスシチー,3506
タップダンスシチー,2407
タップダンスシチー,2601
タップダンスシチー,9292
タップダンスシチー,9293
タップダンスシチー,9294
タップダンスシチー,9295
タップダンスシチー,9296
タップダンスシチー,9297
タップダンスシチー,9298
タップダンスシチー,9299
タップダンスシチー,9300
タップダンスシチー,9301
タップダンスシチー,9302
タップダンスシチー,9303
タップダンスシチー,9304
タップダンスシチー,9305
タップダンスシチー,9306
タップダンスシチー,9307
タップダンスシチー,9308
タップダンスシチー,9309
タップダンスシチー,9310
タップダンスシチー,9311
タップダンスシチー,9312
タップダンスシチー,9313
タップダンスシチー,9314
タップダンスシチー,9315
タップダンスシチー,9316
タップダンスシチー,9317
タップダンスシチー,9318
タップダンスシチー,9319
タップダンスシチー,9320
タップダンスシチー,9321
タップダンスシチー,9322
タップダンスシチー,9323
タップダンスシチー,9324
タップダンスシチー,9325
タップダンスシチー,9326
タップダンスシチー,9327
タップダンスシチー,9328
タップダンスシチー,9329
タップダンスシチー,9330
タップダンスシチー,9331
タップダンスシチー,9332
タップダンスシチー,9333
タップダンスシチー,9334
タップダンスシチー,9335
タップダンスシチー,104
タップダンスシチー,3003
タップダンスシチー,3101
タップダンスシチー,2603
タップダンスシチー,3203
タップダンスシチー,9354
タップダンスシチー,9373
タップダンスシチー,9671
タップダンスシチー,9757
タップダンスシチー,9826
タップダンスシチー,9854
タップダンスシチー,9882
タップダンスシチー,10045
タップダンスシチー,10251
タップダンスシチー,10324
タップダンスシチー,10540
タップダンスシチー,10580
タニノギムレット,2904
タニノギムレット,2510
タニノギムレット,3205
タニノギムレット,338
タニノギムレット,105
タニノギムレット,202
タニノギムレット,2009
タニノギムレット,3003
タニノギムレット,3101
タニノギムレット,2408
タニノギムレット,409
タニノギムレット,2822
タニノギムレット,3501
タニノギムレット,3509
タニノギムレット,2603
タニノギムレット,2210
タニノギムレット,2601
タマモクロス,106
タマモクロス,202
タマモクロス,302
タマモクロス,506
タマモクロス,2601
タマモクロス,7009
タマモクロス,7017
タマモクロス,2801
タマモクロス,2904
タマモクロス,3003
タマモクロス,3004
タマモクロス,3101
タマモクロス,2512
タマモクロス,2506
タマモクロス,2516
タマモクロス,3205
タマモクロス,8036
タマモクロス,8046
タマモクロス,8073
タマモクロス,8078
タマモクロス,8101
タマモクロス,8137
タマモクロス,8191
タマモクロス,8290
タマモクロス,8323
タマモクロス,8330
タマモクロス,8351
タマモクロス,8401
タマモクロス,8428
タマモクロス,8493
タマモクロス,8550
タマモクロス,8588
タマモクロス,8611
タマモクロス,2403
タマモクロス,8654
タマモクロス,8714
タマモクロス,8734
タマモクロス,8792
タマモクロス,8889
タマモクロス,8921
タマモクロス,8953
タマモクロス,9080
タマモクロス,9130
タマモクロス,9172
タマモクロス,2604
タマモクロス,405
タマモクロス,551
タマモクロス,3503
タマモクロス,3504
タマモクロス,9231
タマモクロス,9283
タマモクロス,9375
タマモクロス,9409
タマモクロス,9443
タマモクロス,9477
タマモクロス,9511
タマモクロス,9545
タマモクロス,9579
タマモクロス,9613
タマモクロス,9673
タマモクロス,9759
タマモクロス,9884
タマモクロス,9980
タマモクロス,10047
タマモクロス,10085
タマモクロス,10123
タマモクロス,10185
タマモクロス,10253
タマモクロス,10331
タマモクロス,10370
タマモクロス,10409
タマモクロス,10463
ダイイチルビー,3001
ダイイチルビー,3002
ダイイチルビー,2404
ダイイチルビー,104
ダイイチルビー,339
ダイイチルビー,2602
ダイイチルビー,2803
ダイイチルビー,202
ダイイチルビー,2008
ダイイチルビー,2110
ダイイチルビー,3101
ダイイチルビー,2511
ダイイチルビー,2513
ダイイチルビー,3204
ダイイチルビー,8790
ダイイチルビー,8791
ダイイチルビー,8792
ダイイチルビー,8793
ダイイチルビー,8794
ダイイチルビー,8795
ダイイチルビー,8797
ダイイチルビー,8798
ダイイチルビー,8799
ダイイチルビー,8800
ダイイチルビー,8801
ダイイチルビー,8802
ダイイチルビー,8803
ダイイチルビー,8804
ダイイチルビー,8805
ダイイチルビー,8806
ダイイチルビー,8807
ダイイチルビー,8808
ダイイチルビー,8809
ダイイチルビー,8810
ダイイチルビー,8811
ダイイチルビー,8812
ダイイチルビー,8813
ダイイチルビー,8814
ダイイチルビー,8815
ダイイチルビー,8816
ダイイチルビー,8817
ダイイチルビー,2903
ダイイチルビー,412
ダイイチルビー,504
ダイイチルビー,521
ダイイチルビー,2721
ダイイチルビー,3508
ダイイチルビー,3509
ダイイチルビー,2604
ダイイチルビー,9796
ダイイチルビー,9977
ダイタクヘリオス,8572
ダイタクヘリオス,8573
ダイタクヘリオス,8574
ダイタクヘリオス,8575
ダイタクヘリオス,3002
ダイタクヘリオス,3101
ダイタクヘリオス,2518
ダイタクヘリオス,3204
ダイタクヘリオス,2404
ダイタクヘリオス,2604
ダイタクヘリオス,105
ダイタクヘリオス,202
ダイタクヘリオス,330
ダイタクヘリオス,514
ダイタクヘリオス,2108
ダイタクヘリオス,2601
ダイタクヘリオス,2803
ダイタクヘリオス,8817
ダイタクヘリオス,2902
ダイタクヘリオス,408
ダイタクヘリオス,521
ダイタクヘリオス,526
ダイタクヘリオス,2716
ダイタクヘリオス,3504
ダイタクヘリオス,3508
ダイタクヘリオス,3509
ダイタクヘリオス,9256
ダイワスカーレット,102
ダイワスカーレット,202
ダイワスカーレット,303
ダイワスカーレット,403
ダイワスカーレット,2101
ダイワスカーレット,2106
ダイワスカーレット,2602
ダイワスカーレット,7012
ダイワスカーレット,2815
ダイワスカーレット,2902
ダイワスカーレット,3002
ダイワスカーレット,3003
ダイワスカーレット,3101
ダイワスカーレット,2523
ダイワスカーレット,2514
ダイワスカーレット,2504
ダイワスカーレット,2517
ダイワスカーレット,3205
ダイワスカーレット,8034
ダイワスカーレット,8044
ダイワスカーレット,8077
ダイワスカーレット,8078
ダイワスカーレット,8079
ダイワスカーレット,8080
ダイワスカーレット,8081
ダイワスカーレット,8099
ダイワスカーレット,8110
ダイワスカーレット,8135
ダイワスカーレット,8146
ダイワスカーレット,8182
ダイワスカーレット,8269
ダイワスカーレット,8279
ダイワスカーレット,8304
ダイワスカーレット,8314
ダイワスカーレット,8321
ダイワスカーレット,8374
ダイワスカーレット,8421
ダイワスカーレット,2409
ダイワスカーレット,2604
ダイワスカーレット,8433
ダイワスカーレット,8462
ダイワスカーレット,8498
ダイワスカーレット,8577
ダイワスカーレット,8663
ダイワスカーレット,8766
ダイワスカーレット,8820
ダイワスカーレット,8839
ダイワスカーレット,8985
ダイワスカーレット,9003
ダイワスカーレット,9112
ダイワスカーレット,9139
ダイワスカーレット,9204
ダイワスカーレット,525
ダイワスカーレット,2503
ダイワスカーレット,3502
ダイワスカーレット,3504
ダイワスカーレット,3509
ダイワスカーレット,9337
ダイワスカーレット,9356
ダイワスカーレット,9768
ダイワスカーレット,9893
ダイワスカーレット,9940
ダイワスカーレット,10017
ダイワスカーレット,2748
ダイワスカーレット,10291
ダイワスカーレット,10503
ダイワスカーレット,10543
ダンツフレーム,2512
ダンツフレーム,104
ダンツフレーム,202
ダンツフレーム,2009
ダンツフレーム,2103
ダンツフレーム,2601
ダンツフレーム,2814
ダンツフレーム,3003
ダンツフレーム,3101
ダンツフレーム,3204
ダンツフレーム,2407
ダンツフレーム,346
ダンツフレーム,410
ダンツフレーム,2722
ダンツフレーム,3401
ダンツフレーム,3501
ダンツフレーム,3503
ダンツフレーム,3505
ダンツフレーム,3509
ダンツフレーム,2902
ダンツフレーム,2603
ツインターボ,8576
ツインターボ,8577
ツインターボ,8578
ツインターボ,8579
ツインターボ,8580
ツインターボ,8581
ツインターボ,8582
ツインターボ,8583
ツインターボ,8584
ツインターボ,8585
ツインターボ,8586
ツインターボ,2901
ツインターボ,3003
ツインターボ,3101
ツインターボ,3204
ツインターボ,2404
ツインターボ,2603
ツインターボ,102
ツインターボ,201
ツインターボ,331
ツインターボ,513
ツインターボ,2601
ツインターボ,7028
ツインターボ,2804
ツインターボ,2110
ツインターボ,8693
ツインターボ,8730
ツインターボ,8763
ツインターボ,8918
ツインターボ,8950
ツインターボ,8982
ツインターボ,9109
ツインターボ,9169
ツインターボ,9201
ツインターボ,403
ツインターボ,526
ツインターボ,2719
ツインターボ,3301
ツインターボ,3401
ツインターボ,3504
ツインターボ,3505
ツインターボ,9406
ツインターボ,9440
ツインターボ,9474
ツインターボ,9508
ツインターボ,9542
ツインターボ,9576
ツインターボ,9610
ツインターボ,9644
ツインターボ,9704
ツインターボ,9729
ツインターボ,9937
ツインターボ,10014
ツインターボ,10082
ツインターボ,10120
ツインターボ,10158
ツインターボ,10220
ツインターボ,10288
ツインターボ,10367
ツインターボ,10406
ツインターボ,10445
ツインターボ,10499
ツルマルツヨシ,2902
ツルマルツヨシ,3003
ツルマルツヨシ,3101
ツルマルツヨシ,3204
ツルマルツヨシ,103
ツルマルツヨシ,202
ツルマルツヨシ,333
ツルマルツヨシ,2601
ツルマルツヨシ,2007
ツルマルツヨシ,2206
ツルマルツヨシ,2811
ツルマルツヨシ,8653
ツルマルツヨシ,8654
ツルマルツヨシ,8655
ツルマルツヨシ,8656
ツルマルツヨシ,8657
ツルマルツヨシ,8658
ツルマルツヨシ,8659
ツルマルツヨシ,8660
ツルマルツヨシ,8661
ツルマルツヨシ,8662
ツルマルツヨシ,8663
ツルマルツヨシ,8664
ツルマルツヨシ,8665
ツルマルツヨシ,8666
ツルマルツヨシ,8667
ツルマルツヨシ,8668
ツルマルツヨシ,8669
ツルマルツヨシ,8670
ツルマルツヨシ,8671
ツルマルツヨシ,8672
ツルマルツヨシ,8673
ツルマルツヨシ,8674
ツルマルツヨシ,8675
ツルマルツヨシ,8676
ツルマルツヨシ,8677
ツルマルツヨシ,8678
ツルマルツヨシ,8679
ツルマルツヨシ,8680
ツルマルツヨシ,8681
ツルマルツヨシ,8682
ツルマルツヨシ,8683
ツルマルツヨシ,8684
ツルマルツヨシ,8685
ツルマルツヨシ,8686
ツルマルツヨシ,8687
ツルマルツヨシ,8688
ツルマルツヨシ,8689
ツルマルツヨシ,8690
ツルマルツヨシ,8691
ツルマルツヨシ,8692
ツルマルツヨシ,8693
ツルマルツヨシ,8694
ツルマルツヨシ,2406
ツルマルツヨシ,401
ツルマルツヨシ,2714
ツルマルツヨシ,3301
ツルマルツヨシ,3504
ツルマルツヨシ,9278
ツルマルツヨシ,9390
ツルマルツヨシ,9424
ツルマルツヨシ,9458
ツルマルツヨシ,9492
ツルマルツヨシ,9526
ツルマルツヨシ,9560
ツルマルツヨシ,9594
ツルマルツヨシ,9628
ツルマルツヨシ,9667
ツルマルツヨシ,9688
ツルマルツヨシ,9753
ツルマルツヨシ,9849
ツルマルツヨシ,9877
ツルマルツヨシ,9968
ツルマルツヨシ,9997
ツルマルツヨシ,2604
ツルマルツヨシ,10064
ツルマルツヨシ,10102
ツルマルツヨシ,10140
ツルマルツヨシ,10202
ツルマルツヨシ,10244
ツルマルツヨシ,10270
ツルマルツヨシ,10348
ツルマルツヨシ,10387
ツルマルツヨシ,10426
ツルマルツヨシ,10480
テイエムオペラオー,103
テイエムオペラオー,202
テイエムオペラオー,306
テイエムオペラオー,2104
テイエムオペラオー,2601
テイエムオペラオー,7005
テイエムオペラオー,2702
テイエムオペラオー,2812
テイエムオペラオー,2902
テイエムオペラオー,3003
テイエムオペラオー,3004
テイエムオペラオー,3101
テイエムオペラオー,2523
テイエムオペラオー,2512
テイエムオペラオー,2506
テイエムオペラオー,2516
テイエムオペラオー,2505
テイエムオペラオー,2519
テイエムオペラオー,3203
テイエムオペラオー,8004
テイエムオペラオー,8020
テイエムオペラオー,8055
テイエムオペラオー,8085
テイエムオペラオー,8116
テイエムオペラオー,8117
テイエムオペラオー,8121
テイエムオペラオー,8153
テイエムオペラオー,8165
テイエムオペラオー,8189
テイエムオペラオー,8206
テイエムオペラオー,8222
テイエムオペラオー,8238
テイエムオペラオー,8254
テイエムオペラオー,8288
テイエムオペラオー,8337
テイエムオペラオー,8358
テイエムオペラオー,8383
テイエムオペラオー,8399
テイエムオペラオー,8559
テイエムオペラオー,8804
テイエムオペラオー,9035
テイエムオペラオー,9060
テイエムオペラオー,2603
テイエムオペラオー,414
テイエムオペラオー,524
テイエムオペラオー,537
テイエムオペラオー,3501
テイエムオペラオー,3503
テイエムオペラオー,3504
テイエムオペラオー,2407
テイエムオペラオー,9243
テイエムオペラオー,9263
テイエムオペラオー,9300
テイエムオペラオー,9652
テイエムオペラオー,9738
テイエムオペラオー,9834
テイエムオペラオー,9862
テイエムオペラオー,10229
デアリングハート,102
デアリングハート,2902
デアリングハート,352
デアリングハート,202
デアリングハート,2602
デアリングハート,2729
デアリングハート,2829
デアリングハート,3002
デアリングハート,3101
デアリングハート,3203
デアリングハート,3301
デアリングハート,3401
デアリングハート,3502
デアリングハート,3505
デアリングハート,3509
デアリングハート,2409
デアリングハート,2604
デアリングハート,9442
デアリングハート,9443
デアリングハート,9444
デアリングハート,9445
デアリングハート,9446
デアリングハート,9447
デアリングハート,9448
デアリングハート,9449
デアリングハート,9450
デアリングハート,9451
デアリングハート,9452
デアリングハート,9453
デアリングハート,9454
デアリングハート,9455
デアリングハート,9456
デアリングハート,9457
デアリングハート,9458
デアリングハート,9459
デアリングハート,9460
デアリングハート,9461
デアリングハート,9462
デアリングハート,9463
デアリングハート,9464
デアリングハート,9465
デアリングハート,9466
デアリングハート,9467
デアリングハート,9468
デアリングハート,9469
デアリングハート,9470
デアリングハート,9471
デアリングハート,9472
デアリングハート,9473
デアリングハート,9474
デアリングハート,9475
デアリングハート,421
デアリングハート,2001
デアリングハート,9781
デアリングハート,9906
デアリングハート,9953
デアリングハート,10030
デアリングハート,10304
デアリングハート,10516
デアリングハート,10556
デュランダル,2904
デュランダル,2518
デュランダル,2408
デュランダル,356
デュランダル,104
デュランダル,202
デュランダル,412
デュランダル,2001
デュランダル,2106
デュランダル,2601
デュランダル,2737
デュランダル,2822
デュランダル,3101
デュランダル,2513
デュランダル,3205
デュランダル,3401
デュランダル,3506
デュランダル,3508
デュランダル,3509
デュランダル,9732
デュランダル,9733
デュランダル,9734
デュランダル,9735
デュランダル,9736
デュランダル,9737
デュランダル,9738
デュランダル,9739
デュランダル,9740
デュランダル,9741
デュランダル,9742
デュランダル,9743
デュランダル,9744
デュランダル,9745
デュランダル,9746
デュランダル,9747
デュランダル,9748
デュランダル,9749
デュランダル,9750
デュランダル,9751
デュランダル,9752
デュランダル,9753
デュランダル,9754
デュランダル,9755
デュランダル,9756
デュランダル,9757
デュランダル,9815
デュランダル,2603
デュランダル,3002
デュランダル,9930
デュランダル,10181
トウカイテイオー,102
トウカイテイオー,202
トウカイテイオー,308
トウカイテイオー,403
トウカイテイオー,2201
トウカイテイオー,2601
トウカイテイオー,7008
トウカイテイオー,7022
トウカイテイオー,2804
トウカイテイオー,2902
トウカイテイオー,3003
トウカイテイオー,3101
トウカイテイオー,2523
トウカイテイオー,2510
トウカイテイオー,2505
トウカイテイオー,2519
トウカイテイオー,3204
トウカイテイオー,8001
トウカイテイオー,8017
トウカイテイオー,8033
トウカイテイオー,8034
トウカイテイオー,8035
トウカイテイオー,8036
トウカイテイオー,8037
トウカイテイオー,8038
トウカイテイオー,8039
トウカイテイオー,8040
トウカイテイオー,8041
トウカイテイオー,8042
トウカイテイオー,8052
トウカイテイオー,8082
トウカイテイオー,8118
トウカイテイオー,8162
トウカイテイオー,8203
トウカイテイオー,8219
トウカイテイオー,8235
トウカイテイオー,8251
トウカイテイオー,8277
トウカイテイオー,8334
トウカイテイオー,8372
トウカイテイオー,8380
トウカイテイオー,8419
トウカイテイオー,2404
トウカイテイオー,2604
トウカイテイオー,8468
トウカイテイオー,8583
トウカイテイオー,8596
トウカイテイオー,8619
トウカイテイオー,517
トウカイテイオー,7028
トウカイテイオー,2007
トウカイテイオー,8746
トウカイテイオー,8781
トウカイテイオー,8832
トウカイテイオー,8854
トウカイテイオー,8901
トウカイテイオー,8933
トウカイテイオー,8965
トウカイテイオー,9018
トウカイテイオー,9047
トウカイテイオー,9072
トウカイテイオー,9092
トウカイテイオー,9184
トウカイテイオー,9219
トウカイテイオー,525
トウカイテイオー,2503
トウカイテイオー,3501
トウカイテイオー,3503
トウカイテイオー,3504
トウカイテイオー,9275
トウカイテイオー,9387
トウカイテイオー,9421
トウカイテイオー,9455
トウカイテイオー,9489
トウカイテイオー,9523
トウカイテイオー,9557
トウカイテイオー,9591
トウカイテイオー,9625
トウカイテイオー,9664
トウカイテイオー,9685
トウカイテイオー,9750
トウカイテイオー,9846
トウカイテイオー,9874
トウカイテイオー,2740
トウカイテイオー,9965
トウカイテイオー,9994
トウカイテイオー,10061
トウカイテイオー,10099
トウカイテイオー,10137
トウカイテイオー,10199
トウカイテイオー,10241
トウカイテイオー,10267
トウカイテイオー,10345
トウカイテイオー,10384
トウカイテイオー,10423
トウカイテイオー,10477
トランセンド,2901
トランセンド,202
トランセンド,2002
トランセンド,2601
トランセンド,2816
トランセンド,3102
トランセンド,3203
トランセンド,8732
トランセンド,343
トランセンド,2501
トランセンド,2520
トランセンド,3505
トランセンド,3506
トランセンド,3509
トランセンド,2729
トランセンド,105
トランセンド,409
トランセンド,2410
トランセンド,2604
トランセンド,3002
トーセンジョーダン,104
トーセンジョーダン,202
トーセンジョーダン,316
トーセンジョーダン,2601
トーセンジョーダン,2816
トーセンジョーダン,2902
トーセンジョーダン,3003
トーセンジョーダン,3101
トーセンジョーダン,2516
トーセンジョーダン,8040
トーセンジョーダン,8050
トーセンジョーダン,8076
トーセンジョーダン,8081
トーセンジョーダン,8105
トーセンジョーダン,8141
トーセンジョーダン,8199
トーセンジョーダン,8298
トーセンジョーダン,8327
トーセンジョーダン,8333
トーセンジョーダン,8354
トーセンジョーダン,8409
トーセンジョーダン,8431
トーセンジョーダン,8496
トーセンジョーダン,8553
トーセンジョーダン,8591
トーセンジョーダン,8614
トーセンジョーダン,3202
トーセンジョーダン,2106
トーセンジョーダン,2208
トーセンジョーダン,8657
トーセンジョーダン,8717
トーセンジョーダン,8737
トーセンジョーダン,8795
トーセンジョーダン,8892
トーセンジョーダン,8924
トーセンジョーダン,8956
トーセンジョーダン,9083
トーセンジョーダン,9133
トーセンジョーダン,9175
トーセンジョーダン,412
トーセンジョーダン,3401
トーセンジョーダン,3503
トーセンジョーダン,3504
トーセンジョーダン,2410
トーセンジョーダン,2604
トーセンジョーダン,9234
トーセンジョーダン,9286
トーセンジョーダン,2728
トーセンジョーダン,9378
トーセンジョーダン,9412
トーセンジョーダン,9446
トーセンジョーダン,9480
トーセンジョーダン,9514
トーセンジョーダン,9548
トーセンジョーダン,9582
トーセンジョーダン,9616
トーセンジョーダン,9676
トーセンジョーダン,9762
トーセンジョーダン,9887
トーセンジョーダン,9983
トーセンジョーダン,10050
トーセンジョーダン,10088
トーセンジョーダン,10126
トーセンジョーダン,10188
トーセンジョーダン,10256
トーセンジョーダン,10334
トーセンジョーダン,10373
トーセンジョーダン,10412
トーセンジョーダン,10466
ドゥラメンテ,2904
ドゥラメンテ,103
ドゥラメンテ,201
ドゥラメンテ,349
ドゥラメンテ,413
ドゥラメンテ,2828
ドゥラメンテ,2510
ドゥラメンテ,3501
ドゥラメンテ,3506
ドゥラメンテ,2211
ドゥラメンテ,2601
ドゥラメンテ,3003
ドゥラメンテ,3101
ドゥラメンテ,2505
ドゥラメンテ,3203
ドゥラメンテ,3509
ドゥラメンテ,2412
ドゥラメンテ,2604
ドゥラメンテ,9336
ドゥラメンテ,9337
ドゥラメンテ,9338
ドゥラメンテ,9339
ドゥラメンテ,9340
ドゥラメンテ,9341
ドゥラメンテ,9342
ドゥラメンテ,9343
ドゥラメンテ,9344
ドゥラメンテ,9345
ドゥラメンテ,9346
ドゥラメンテ,9347
ドゥラメンテ,9348
ドゥラメンテ,9349
ドゥラメンテ,9350
ドゥラメンテ,9351
ドゥラメンテ,9352
ドゥラメンテ,9353
ドゥラメンテ,9354
ドゥラメンテ,9400
ドゥラメンテ,9434
ドゥラメンテ,9468
ドゥラメンテ,9502
ドゥラメンテ,9536
ドゥラメンテ,9570
ドゥラメンテ,9604
ドゥラメンテ,9638
ドゥラメンテ,9698
ドゥラメンテ,2734
ドゥラメンテ,9824
ドゥラメンテ,10008
ドゥラメンテ,10075
ドゥラメンテ,10113
ドゥラメンテ,10151
ドゥラメンテ,10213
ドゥラメンテ,10281
ドゥラメンテ,10359
ドゥラメンテ,10398
ドゥラメンテ,10437
ドゥラメンテ,10458
ドゥラメンテ,10491
ドリームジャーニー,2522
ドリームジャーニー,354
ドリームジャーニー,2409
ドリームジャーニー,106
ドリームジャーニー,202
ドリームジャーニー,2601
ドリームジャーニー,2732
ドリームジャーニー,2815
ドリームジャーニー,2904
ドリームジャーニー,3003
ドリームジャーニー,3101
ドリームジャーニー,2523
ドリームジャーニー,2512
ドリームジャーニー,2503
ドリームジャーニー,3202
ドリームジャーニー,3401
ドリームジャーニー,3501
ドリームジャーニー,3503
ドリームジャーニー,3504
ドリームジャーニー,3507
ドリームジャーニー,3509
ドリームジャーニー,2604
ドリームジャーニー,9672
ドリームジャーニー,9673
ドリームジャーニー,9674
ドリームジャーニー,9675
ドリームジャーニー,9676
ドリームジャーニー,9677
ドリームジャーニー,9678
ドリームジャーニー,9679
ドリームジャーニー,9680
ドリームジャーニー,9681
ドリームジャーニー,9682
ドリームジャーニー,9683
ドリームジャーニー,9684
ドリームジャーニー,9685
ドリームジャーニー,9686
ドリームジャーニー,9687
ドリームジャーニー,9688
ドリームジャーニー,9689
ドリームジャーニー,9690
ドリームジャーニー,9691
ドリームジャーニー,9692
ドリームジャーニー,9693
ドリームジャーニー,9694
ドリームジャーニー,9695
ドリームジャーニー,9696
ドリームジャーニー,9697
ドリームジャーニー,9698
ドリームジャーニー,9699
ドリームジャーニー,9700
ドリームジャーニー,9701
ドリームジャーニー,9702
ドリームジャーニー,9703
ドリームジャーニー,9704
ドリームジャーニー,9705
ドリームジャーニー,2101
ドリームジャーニー,2216
ドリームジャーニー,422
ドリームジャーニー,9787
ドリームジャーニー,9912
ドリームジャーニー,9959
ドリームジャーニー,10036
ドリームジャーニー,10310
ドリームジャーニー,10522
ドリームジャーニー,10562
ナイスネイチャ,103
ナイスネイチャ,202
ナイスネイチャ,323
ナイスネイチャ,2601
ナイスネイチャ,7022
ナイスネイチャ,2706
ナイスネイチャ,2804
ナイスネイチャ,2903
ナイスネイチャ,3003
ナイスネイチャ,3004
ナイスネイチャ,3101
ナイスネイチャ,3204
ナイスネイチャ,8016
ナイスネイチャ,8032
ナイスネイチャ,8067
ナイスネイチャ,8097
ナイスネイチャ,8133
ナイスネイチャ,8161
ナイスネイチャ,8177
ナイスネイチャ,8202
ナイスネイチャ,8218
ナイスネイチャ,8234
ナイスネイチャ,8250
ナイスネイチャ,8266
ナイスネイチャ,8301
ナイスネイチャ,8349
ナイスネイチャ,8370
ナイスネイチャ,8395
ナイスネイチャ,8412
ナイスネイチャ,8417
ナイスネイチャ,8418
ナイスネイチャ,2404
ナイスネイチャ,2603
ナイスネイチャ,8564
ナイスネイチャ,513
ナイスネイチャ,8809
ナイスネイチャ,9040
ナイスネイチャ,9065
ナイスネイチャ,415
ナイスネイチャ,533
ナイスネイチャ,3301
ナイスネイチャ,3401
ナイスネイチャ,3503
ナイスネイチャ,3504
ナイスネイチャ,9248
ナイスネイチャ,9268
ナイスネイチャ,9305
ナイスネイチャ,9657
ナイスネイチャ,9743
ナイスネイチャ,9839
ナイスネイチャ,9867
ナイスネイチャ,10234
ナカヤマフェスタ,104
ナカヤマフェスタ,201
ナカヤマフェスタ,2601
ナカヤマフェスタ,2816
ナカヤマフェスタ,2903
ナカヤマフェスタ,3003
ナカヤマフェスタ,3101
ナカヤマフェスタ,2512
ナカヤマフェスタ,8041
ナカヤマフェスタ,8051
ナカヤマフェスタ,8106
ナカヤマフェスタ,8114
ナカヤマフェスタ,8142
ナカヤマフェスタ,8150
ナカヤマフェスタ,8186
ナカヤマフェスタ,8273
ナカヤマフェスタ,8283
ナカヤマフェスタ,8308
ナカヤマフェスタ,8318
ナカヤマフェスタ,8328
ナカヤマフェスタ,8350
ナカヤマフェスタ,8351
ナカヤマフェスタ,8352
ナカヤマフェスタ,8353
ナカヤマフェスタ,8354
ナカヤマフェスタ,8378
ナカヤマフェスタ,8425
ナカヤマフェスタ,8435
ナカヤマフェスタ,8464
ナカヤマフェスタ,8500
ナカヤマフェスタ,8579
ナカヤマフェスタ,325
ナカヤマフェスタ,2604
ナカヤマフェスタ,2101
ナカヤマフェスタ,3204
ナカヤマフェスタ,8665
ナカヤマフェスタ,8768
ナカヤマフェスタ,8822
ナカヤマフェスタ,8841
ナカヤマフェスタ,8987
ナカヤマフェスタ,9005
ナカヤマフェスタ,9114
ナカヤマフェスタ,9141
ナカヤマフェスタ,9206
ナカヤマフェスタ,2410
ナカヤマフェスタ,412
ナカヤマフェスタ,3501
ナカヤマフェスタ,3506
ナカヤマフェスタ,9339
ナカヤマフェスタ,9358
ナカヤマフェスタ,9770
ナカヤマフェスタ,9895
ナカヤマフェスタ,9942
ナカヤマフェスタ,10019
ナカヤマフェスタ,10293
ナカヤマフェスタ,10505
ナカヤマフェスタ,10545
ナリタタイシン,105
ナリタタイシン,202
ナリタタイシン,321
ナリタタイシン,404
ナリタタイシン,507
ナリタタイシン,2601
ナリタタイシン,7019
ナリタタイシン,7021
ナリタタイシン,2806
ナリタタイシン,2904
ナリタタイシン,3003
ナリタタイシン,3101
ナリタタイシン,2505
ナリタタイシン,3206
ナリタタイシン,8042
ナリタタイシン,8107
ナリタタイシン,8117
ナリタタイシン,8143
ナリタタイシン,8179
ナリタタイシン,8276
ナリタタイシン,8284
ナリタタイシン,8286
ナリタタイシン,8311
ナリタタイシン,8355
ナリタタイシン,8356
ナリタタイシン,8365
ナリタタイシン,8379
ナリタタイシン,8414
ナリタタイシン,8416
ナリタタイシン,8418
ナリタタイシン,8426
ナリタタイシン,8437
ナリタタイシン,8467
ナリタタイシン,8473
ナリタタイシン,8504
ナリタタイシン,8530
ナリタタイシン,8554
ナリタタイシン,8572
ナリタタイシン,8582
ナリタタイシン,8634
ナリタタイシン,8674
ナリタタイシン,8722
ナリタタイシン,8831
ナリタタイシン,8866
ナリタタイシン,9150
ナリタタイシン,2524
ナリタタイシン,3501
ナリタタイシン,3503
ナリタタイシン,3507
ナリタタイシン,2405
ナリタタイシン,2603
ナリタタイシン,9291
ナリタタイシン,9299
ナリタタイシン,9789
ナリタタイシン,9913
ナリタタイシン,10448
ナリタトップロード,2902
ナリタトップロード,3003
ナリタトップロード,2515
ナリタトップロード,3204
ナリタトップロード,105
ナリタトップロード,202
ナリタトップロード,340
ナリタトップロード,2407
ナリタトップロード,2109
ナリタトップロード,2601
ナリタトップロード,2705
ナリタトップロード,2812
ナリタトップロード,3004
ナリタトップロード,3101
ナリタトップロード,8713
ナリタトップロード,8714
ナリタトップロード,8715
ナリタトップロード,8716
ナリタトップロード,8717
ナリタトップロード,8718
ナリタトップロード,8719
ナリタトップロード,8720
ナリタトップロード,8721
ナリタトップロード,8722
ナリタトップロード,404
ナリタトップロード,3401
ナリタトップロード,3501
ナリタトップロード,3504
ナリタトップロード,2604
ナリタトップロード,2011
ナリタトップロード,9707
ナリタトップロード,9972
ナリタブライアン,105
ナリタブライアン,202
ナリタブライアン,501
ナリタブライアン,2601
ナリタブライアン,2807
ナリタブライアン,2903
ナリタブライアン,3003
ナリタブライアン,3004
ナリタブライアン,3101
ナリタブライアン,2523
ナリタブライアン,2510
ナリタブライアン,2522
ナリタブライアン,2505
ナリタブライアン,2515
ナリタブライアン,3205
ナリタブライアン,8118
ナリタブライアン,8119
ナリタブライアン,8120
ナリタブライアン,8121
ナリタブライアン,8122
ナリタブライアン,8123
ナリタブライアン,8124
ナリタブライアン,8125
ナリタブライアン,8126
ナリタブライアン,8127
ナリタブライアン,8128
ナリタブライアン,8129
ナリタブライアン,8130
ナリタブライアン,8131
ナリタブライアン,8132
ナリタブライアン,8133
ナリタブライアン,8447
ナリタブライアン,8483
ナリタブライアン,8515
ナリタブライアン,8540
ナリタブライアン,8644
ナリタブライアン,338
ナリタブライアン,2009
ナリタブライアン,8679
ナリタブライアン,8703
ナリタブライアン,8877
ナリタブライアン,9155
ナリタブライアン,2604
ナリタブライアン,407
ナリタブライアン,523
ナリタブライアン,524
ナリタブライアン,3501
ナリタブライアン,3504
ナリタブライアン,3507
ナリタブライアン,3509
ナリタブライアン,2405
ナリタブライアン,9317
ナリタブライアン,9713
ナリタブライアン,2733
ナリタブライアン,9803
ナリタブライアン,9918
ナリタブライアン,10169
ニシノフラワー,101
ニシノフラワー,202
ニシノフラワー,310
ニシノフラワー,2602
ニシノフラワー,2805
ニシノフラワー,2902
ニシノフラワー,3001
ニシノフラワー,3002
ニシノフラワー,3101
ニシノフラワー,2504
ニシノフラワー,2521
ニシノフラワー,2513
ニシノフラワー,8357
ニシノフラワー,8358
ニシノフラワー,8359
ニシノフラワー,8360
ニシノフラワー,8361
ニシノフラワー,8362
ニシノフラワー,8363
ニシノフラワー,8364
ニシノフラワー,8365
ニシノフラワー,8366
ニシノフラワー,8367
ニシノフラワー,8368
ニシノフラワー,8369
ニシノフラワー,8370
ニシノフラワー,8371
ニシノフラワー,8471
ニシノフラワー,8491
ニシノフラワー,8548
ニシノフラワー,8586
ニシノフラワー,8652
ニシノフラワー,2404
ニシノフラワー,2604
ニシノフラワー,8732
ニシノフラワー,8837
ニシノフラワー,8887
ニシノフラワー,419
ニシノフラワー,2722
ニシノフラワー,3502
ニシノフラワー,3507
ニシノフラワー,3508
ニシノフラワー,3509
ニシノフラワー,3204
ニシノフラワー,9731
ネオユニヴァース,2510
ネオユニヴァース,2505
ネオユニヴァース,2903
ネオユニヴァース,3101
ネオユニヴァース,202
ネオユニヴァース,348
ネオユニヴァース,410
ネオユニヴァース,2823
ネオユニヴァース,2503
ネオユニヴァース,3501
ネオユニヴァース,3503
ネオユニヴァース,2408
ネオユニヴァース,2603
ネオユニヴァース,104
ネオユニヴァース,2001
ネオユニヴァース,2209
ネオユニヴァース,2601
ネオユニヴァース,3003
ネオユニヴァース,3205
ネオユニヴァース,9257
ネオユニヴァース,9258
ネオユニヴァース,9259
ネオユニヴァース,9260
ネオユニヴァース,9261
ネオユニヴァース,9262
ネオユニヴァース,9263
ネオユニヴァース,9264
ネオユニヴァース,9265
ネオユニヴァース,9266
ネオユニヴァース,9267
ネオユニヴァース,9268
ネオユニヴァース,9269
ネオユニヴァース,9270
ネオユニヴァース,9271
ネオユニヴァース,9272
ネオユニヴァース,9273
ネオユニヴァース,9274
ネオユニヴァース,9275
ネオユニヴァース,9276
ネオユニヴァース,9277
ネオユニヴァース,9278
ネオユニヴァース,9279
ネオユニヴァース,9280
ネオユニヴァース,9281
ネオユニヴァース,9327
ネオユニヴァース,9723
ネオユニヴァース,9813
ネオユニヴァース,9928
ネオユニヴァース,10179
ネオユニヴァース,2227
ノースフライト,2902
ノースフライト,3002
ノースフライト,2518
ノースフライト,2602
ノースフライト,202
ノースフライト,2002
ノースフライト,2806
ノースフライト,3101
ノースフライト,2511
ノースフライト,3204
ノースフライト,8658
ノースフライト,8718
ノースフライト,8738
ノースフライト,8765
ノースフライト,8766
ノースフライト,8767
ノースフライト,8768
ノースフライト,8769
ノースフライト,8770
ノースフライト,8772
ノースフライト,8773
ノースフライト,8774
ノースフライト,8775
ノースフライト,8776
ノースフライト,8777
ノースフライト,8778
ノースフライト,8779
ノースフライト,8780
ノースフライト,8781
ノースフライト,8782
ノースフライト,8783
ノースフライト,8784
ノースフライト,8785
ノースフライト,8787
ノースフライト,8788
ノースフライト,8789
ノースフライト,8790
ノースフライト,2718
ノースフライト,3509
ノースフライト,2405
ノースフライト,9235
ノースフライト,9287
ノースフライト,9379
ノースフライト,9413
ノースフライト,9447
ノースフライト,9481
ノースフライト,9515
ノースフライト,9549
ノースフライト,9583
ノースフライト,9617
ノースフライト,9677
ノースフライト,104
ノースフライト,358
ノースフライト,411
ノースフライト,2604
ノースフライト,9763
ノースフライト,9888
ノースフライト,9984
ノースフライト,10051
ノースフライト,10089
ノースフライト,10127
ノースフライト,10189
ノースフライト,10257
ノースフライト,10335
ノースフライト,10374
ノースフライト,10413
ノースフライト,10467
ノーリーズン,2505
ノーリーズン,334
ノーリーズン,202
ノーリーズン,2009
ノーリーズン,2601
ノーリーズン,3003
ノーリーズン,3101
ノーリーズン,3206
ノーリーズン,2903
ノーリーズン,409
ノーリーズン,2822
ノーリーズン,3501
ノーリーズン,3504
ノーリーズン,105
ノーリーズン,2746
ノーリーズン,2408
ノーリーズン,2604
ハルウララ,103
ハルウララ,202
ハルウララ,322
ハルウララ,2602
ハルウララ,2812
ハルウララ,2904
ハルウララ,3001
ハルウララ,3102
ハルウララ,3202
ハルウララ,8366
ハルウララ,8372
ハルウララ,8373
ハルウララ,8374
ハルウララ,8375
ハルウララ,8376
ハルウララ,8377
ハルウララ,8378
ハルウララ,8379
ハルウララ,508
ハルウララ,509
ハルウララ,2407
ハルウララ,2603
ハルウララ,510
ハルウララ,8606
ハルウララ,8629
ハルウララ,8690
ハルウララ,8727
ハルウララ,8760
ハルウララ,8915
ハルウララ,8947
ハルウララ,8979
ハルウララ,9106
ハルウララ,9166
ハルウララ,9198
ハルウララ,414
ハルウララ,527
ハルウララ,528
ハルウララ,529
ハルウララ,530
ハルウララ,531
ハルウララ,532
ハルウララ,533
ハルウララ,534
ハルウララ,535
ハルウララ,536
ハルウララ,537
ハルウララ,538
ハルウララ,539
ハルウララ,540
ハルウララ,541
ハルウララ,542
ハルウララ,543
ハルウララ,544
ハルウララ,545
ハルウララ,546
ハルウララ,547
ハルウララ,548
ハルウララ,549
ハルウララ,550
ハルウララ,551
ハルウララ,2707
ハルウララ,3301
ハルウララ,3401
ハルウララ,3505
ハルウララ,3508
ハルウララ,9403
ハルウララ,9437
ハルウララ,9471
ハルウララ,9505
ハルウララ,9539
ハルウララ,9573
ハルウララ,9607
ハルウララ,9641
ハルウララ,9701
ハルウララ,9726
ハルウララ,9934
ハルウララ,10011
ハルウララ,10079
ハルウララ,10117
ハルウララ,10155
ハルウララ,10217
ハルウララ,10285
ハルウララ,10364
ハルウララ,10403
ハルウララ,10442
ハルウララ,10496
バブルガムフェロー,2522
バブルガムフェロー,201
バブルガムフェロー,2406
バブルガムフェロー,3509
バブルガムフェロー,105
バブルガムフェロー,359
バブルガムフェロー,404
バブルガムフェロー,2001
バブルガムフェロー,2601
バブルガムフェロー,2717
バブルガムフェロー,2809
バブルガムフェロー,3101
バブルガムフェロー,2516
バブルガムフェロー,3204
バブルガムフェロー,3504
バブルガムフェロー,3507
バブルガムフェロー,9855
バブルガムフェロー,9856
バブルガムフェロー,9857
バブルガムフェロー,9858
バブルガムフェロー,9859
バブルガムフェロー,9860
バブルガムフェロー,9861
バブルガムフェロー,9862
バブルガムフェロー,9863
バブルガムフェロー,9864
バブルガムフェロー,9865
バブルガムフェロー,9866
バブルガムフェロー,9867
バブルガムフェロー,9868
バブルガムフェロー,9869
バブルガムフェロー,9870
バブルガムフェロー,9871
バブルガムフェロー,9872
バブルガムフェロー,9873
バブルガムフェロー,9874
バブルガムフェロー,9875
バブルガムフェロー,9876
バブルガムフェロー,9877
バブルガムフェロー,9878
バブルガムフェロー,9879
バブルガムフェロー,9880
バブルガムフェロー,9881
バブルガムフェロー,9882
バブルガムフェロー,9932
バブルガムフェロー,2603
バブルガムフェロー,2902
バブルガムフェロー,3003
バブルガムフェロー,10183
バンブーメモリー,105
バンブーメモリー,202
バンブーメモリー,320
バンブーメモリー,2601
バンブーメモリー,2802
バンブーメモリー,2903
バンブーメモリー,3001
バンブーメモリー,3002
バンブーメモリー,3101
バンブーメモリー,2511
バンブーメモリー,2513
バンブーメモリー,8367
バンブーメモリー,2604
バンブーメモリー,2403
バンブーメモリー,409
バンブーメモリー,3401
バンブーメモリー,3504
バンブーメモリー,3508
バンブーメモリー,3509
バンブーメモリー,3205
バンブーメモリー,2730
ヒシアケボノ,103
ヒシアケボノ,202
ヒシアケボノ,312
ヒシアケボノ,2601
ヒシアケボノ,2808
ヒシアケボノ,2902
ヒシアケボノ,3001
ヒシアケボノ,3101
ヒシアケボノ,2513
ヒシアケボノ,8180
ヒシアケボノ,8181
ヒシアケボノ,8182
ヒシアケボノ,8183
ヒシアケボノ,8184
ヒシアケボノ,8185
ヒシアケボノ,8186
ヒシアケボノ,8187
ヒシアケボノ,512
ヒシアケボノ,8457
ヒシアケボノ,8525
ヒシアケボノ,8601
ヒシアケボノ,8624
ヒシアケボノ,3202
ヒシアケボノ,8753
ヒシアケボノ,8908
ヒシアケボノ,8940
ヒシアケボノ,8972
ヒシアケボノ,9099
ヒシアケボノ,9191
ヒシアケボノ,2603
ヒシアケボノ,413
ヒシアケボノ,2707
ヒシアケボノ,3505
ヒシアケボノ,3508
ヒシアケボノ,2405
ヒシアケボノ,9330
ヒシアケボノ,9394
ヒシアケボノ,9428
ヒシアケボノ,9462
ヒシアケボノ,9496
ヒシアケボノ,9530
ヒシアケボノ,9564
ヒシアケボノ,9598
ヒシアケボノ,9632
ヒシアケボノ,9692
ヒシアケボノ,9818
ヒシアケボノ,10002
ヒシアケボノ,10069
ヒシアケボノ,10107
ヒシアケボノ,10145
ヒシアケボノ,10207
ヒシアケボノ,10275
ヒシアケボノ,10353
ヒシアケボノ,10392
ヒシアケボノ,10431
ヒシアケボノ,10452
ヒシアケボノ,10485
ヒシアマゾン,105
ヒシアマゾン,201
ヒシアマゾン,505
ヒシアマゾン,2602
ヒシアマゾン,7014
ヒシアマゾン,7015
ヒシアマゾン,2807
ヒシアマゾン,2904
ヒシアマゾン,3003
ヒシアマゾン,3101
ヒシアマゾン,2521
ヒシアマゾン,2517
ヒシアマゾン,3203
ヒシアマゾン,8357
ヒシアマゾン,2603
ヒシアマゾン,407
ヒシアマゾン,524
ヒシアマゾン,2712
ヒシアマゾン,3504
ヒシアマゾン,3507
ヒシアマゾン,3509
ヒシアマゾン,2405
ヒシミラクル,2903
ヒシミラクル,202
ヒシミラクル,346
ヒシミラクル,409
ヒシミラクル,549
ヒシミラクル,2713
ヒシミラクル,2822
ヒシミラクル,2512
ヒシミラクル,2506
ヒシミラクル,2515
ヒシミラクル,3401
ヒシミラクル,3503
ヒシミラクル,3504
ヒシミラクル,3203
ヒシミラクル,2604
ヒシミラクル,2408
ヒシミラクル,105
ヒシミラクル,2011
ヒシミラクル,2601
ヒシミラクル,3004
ヒシミラクル,3101
ヒシミラクル,9282
ヒシミラクル,9283
ヒシミラクル,9284
ヒシミラクル,9285
ヒシミラクル,9286
ヒシミラクル,9287
ヒシミラクル,9288
ヒシミラクル,9289
ヒシミラクル,9290
ヒシミラクル,9291
ヒシミラクル,9708
ヒシミラクル,9973
ビコーペガサス,101
ビコーペガサス,202
ビコーペガサス,312
ビコーペガサス,2601
ビコーペガサス,7014
ビコーペガサス,2807
ビコーペガサス,2903
ビコーペガサス,3001
ビコーペガサス,3101
ビコーペガサス,3202
ビコーペガサス,8012
ビコーペガサス,8028
ビコーペガサス,8063
ビコーペガサス,8071
ビコーペガサス,8093
ビコーペガサス,8115
ビコーペガサス,8129
ビコーペガサス,8151
ビコーペガサス,8173
ビコーペガサス,8187
ビコーペガサス,8214
ビコーペガサス,8230
ビコーペガサス,8246
ビコーペガサス,8262
ビコーペガサス,8274
ビコーペガサス,8309
ビコーペガサス,8319
ビコーペガサス,8345
ビコーペガサス,8391
ビコーペガサス,8724
ビコーペガサス,8997
ビコーペガサス,9030
ビコーペガサス,9055
ビコーペガサス,9124
ビコーペガサス,419
ビコーペガサス,3301
ビコーペガサス,3401
ビコーペガサス,3508
ビコーペガサス,3509
ビコーペガサス,2405
ビコーペガサス,9258
ビコーペガサス,9293
ビコーペガサス,9349
ビコーペガサス,9368
ビコーペガサス,9647
ビコーペガサス,2603
ビコーペガサス,2735
ビコーペガサス,9733
ビコーペガサス,9828
ビコーペガサス,9856
ビコーペガサス,10039
ビコーペガサス,10223
ビコーペガサス,10318
ビコーペガサス,10534
ビコーペガサス,10574
ビリーヴ,3001
ビリーヴ,202
ビリーヴ,2001
ビリーヴ,2602
ビリーヴ,2814
ビリーヴ,2502
ビリーヴ,2513
ビリーヴ,3204
ビリーヴ,8687
ビリーヴ,8711
ビリーヴ,8885
ビリーヴ,9029
ビリーヴ,9030
ビリーヴ,9031
ビリーヴ,9032
ビリーヴ,9033
ビリーヴ,9034
ビリーヴ,9035
ビリーヴ,9036
ビリーヴ,9037
ビリーヴ,9038
ビリーヴ,9039
ビリーヴ,9040
ビリーヴ,9042
ビリーヴ,9043
ビリーヴ,9044
ビリーヴ,9045
ビリーヴ,9046
ビリーヴ,9047
ビリーヴ,9048
ビリーヴ,9049
ビリーヴ,9051
ビリーヴ,9052
ビリーヴ,2902
ビリーヴ,2723
ビリーヴ,3506
ビリーヴ,3508
ビリーヴ,2407
ビリーヴ,9325
ビリーヴ,9721
ビリーヴ,9811
ビリーヴ,9926
ビリーヴ,10177
ビリーヴ,104
ビリーヴ,371
ビリーヴ,412
ビリーヴ,2604
ビリーヴ,3101
ビワハヤヒデ,105
ビワハヤヒデ,202
ビワハヤヒデ,306
ビワハヤヒデ,404
ビワハヤヒデ,507
ビワハヤヒデ,2601
ビワハヤヒデ,7018
ビワハヤヒデ,7019
ビワハヤヒデ,2703
ビワハヤヒデ,2806
ビワハヤヒデ,2902
ビワハヤヒデ,3003
ビワハヤヒデ,3004
ビワハヤヒデ,3101
ビワハヤヒデ,2512
ビワハヤヒデ,2506
ビワハヤヒデ,2515
ビワハヤヒデ,3203
ビワハヤヒデ,8037
ビワハヤヒデ,8047
ビワハヤヒデ,8074
ビワハヤヒデ,8079
ビワハヤヒデ,8102
ビワハヤヒデ,8138
ビワハヤヒデ,8192
ビワハヤヒデ,8291
ビワハヤヒデ,8324
ビワハヤヒデ,8331
ビワハヤヒデ,8352
ビワハヤヒデ,8402
ビワハヤヒデ,8429
ビワハヤヒデ,8494
ビワハヤヒデ,8551
ビワハヤヒデ,8589
ビワハヤヒデ,8612
ビワハヤヒデ,8655
ビワハヤヒデ,8715
ビワハヤヒデ,8735
ビワハヤヒデ,8793
ビワハヤヒデ,8890
ビワハヤヒデ,8922
ビワハヤヒデ,8954
ビワハヤヒデ,9081
ビワハヤヒデ,9131
ビワハヤヒデ,9173
ビワハヤヒデ,2603
ビワハヤヒデ,3501
ビワハヤヒデ,3503
ビワハヤヒデ,3504
ビワハヤヒデ,2405
ビワハヤヒデ,9232
ビワハヤヒデ,9284
ビワハヤヒデ,9376
ビワハヤヒデ,9410
ビワハヤヒデ,9444
ビワハヤヒデ,9478
ビワハヤヒデ,9512
ビワハヤヒデ,9546
ビワハヤヒデ,9580
ビワハヤヒデ,9614
ビワハヤヒデ,9674
ビワハヤヒデ,9760
ビワハヤヒデ,9885
ビワハヤヒデ,9981
ビワハヤヒデ,10048
ビワハヤヒデ,10086
ビワハヤヒデ,10124
ビワハヤヒデ,10186
ビワハヤヒデ,10254
ビワハヤヒデ,10332
ビワハヤヒデ,10371
ビワハヤヒデ,10410
ビワハヤヒデ,10464
ファインモーション,104
ファインモーション,202
ファインモーション,307
ファインモーション,504
ファインモーション,2602
ファインモーション,2902
ファインモーション,3003
ファインモーション,3101
ファインモーション,2514
ファインモーション,2517
ファインモーション,3201
ファインモーション,8006
ファインモーション,8022
ファインモーション,8057
ファインモーション,8069
ファインモーション,8087
ファインモーション,8111
ファインモーション,8123
ファインモーション,8147
ファインモーション,8167
ファインモーション,8183
ファインモーション,8208
ファインモーション,8224
ファインモーション,8240
ファインモーション,8256
ファインモーション,8270
ファインモーション,8305
ファインモーション,8315
ファインモーション,8339
ファインモーション,8385
ファインモーション,2408
ファインモーション,8723
ファインモーション,8996
ファインモーション,9029
ファインモーション,9054
ファインモーション,9123
ファインモーション,2604
ファインモーション,402
ファインモーション,542
ファインモーション,2822
ファインモーション,3509
ファインモーション,9257
ファインモーション,9292
ファインモーション,9348
ファインモーション,9367
ファインモーション,9646
ファインモーション,9732
ファインモーション,9827
ファインモーション,9855
ファインモーション,10038
ファインモーション,10222
ファインモーション,10317
ファインモーション,10533
ファインモーション,10573
フェノーメノ,201
フェノーメノ,359
フェノーメノ,105
フェノーメノ,2101
フェノーメノ,2601
フェノーメノ,2740
フェノーメノ,2827
フェノーメノ,3101
フェノーメノ,2506
フェノーメノ,3204
フェノーメノ,3401
フェノーメノ,3503
フェノーメノ,3504
フェノーメノ,9979
フェノーメノ,9980
フェノーメノ,9981
フェノーメノ,9982
フェノーメノ,9983
フェノーメノ,9984
フェノーメノ,9985
フェノーメノ,9986
フェノーメノ,9987
フェノーメノ,9988
フェノーメノ,9989
フェノーメノ,9990
フェノーメノ,9991
フェノーメノ,9992
フェノーメノ,9993
フェノーメノ,9994
フェノーメノ,9995
フェノーメノ,9996
フェノーメノ,9997
フェノーメノ,9998
フェノーメノ,9999
フェノーメノ,10000
フェノーメノ,10001
フェノーメノ,10002
フェノーメノ,10003
フェノーメノ,10004
フェノーメノ,10005
フェノーメノ,10006
フェノーメノ,10007
フェノーメノ,10008
フェノーメノ,10009
フェノーメノ,10010
フェノーメノ,10011
フェノーメノ,10012
フェノーメノ,10013
フェノーメノ,10014
フェノーメノ,10015
フェノーメノ,2411
フェノーメノ,10037
フェノーメノ,2604
フェノーメノ,407
フェノーメノ,2902
フェノーメノ,3004
フェノーメノ,10311
フェノーメノ,10523
フェノーメノ,10563
フサイチパンドラ,3202
フサイチパンドラ,102
フサイチパンドラ,2902
フサイチパンドラ,352
フサイチパンドラ,202
フサイチパンドラ,2602
フサイチパンドラ,2707
フサイチパンドラ,2830
フサイチパンドラ,3003
フサイチパンドラ,3101
フサイチパンドラ,2517
フサイチパンドラ,3505
フサイチパンドラ,2409
フサイチパンドラ,2604
フサイチパンドラ,9476
フサイチパンドラ,9477
フサイチパンドラ,9478
フサイチパンドラ,9479
フサイチパンドラ,9480
フサイチパンドラ,9481
フサイチパンドラ,9482
フサイチパンドラ,9483
フサイチパンドラ,9484
フサイチパンドラ,9485
フサイチパンドラ,9486
フサイチパンドラ,9487
フサイチパンドラ,9488
フサイチパンドラ,9489
フサイチパンドラ,9490
フサイチパンドラ,9491
フサイチパンドラ,9492
フサイチパンドラ,9493
フサイチパンドラ,9494
フサイチパンドラ,9495
フサイチパンドラ,9496
フサイチパンドラ,9497
フサイチパンドラ,9498
フサイチパンドラ,9499
フサイチパンドラ,9500
フサイチパンドラ,9501
フサイチパンドラ,9502
フサイチパンドラ,9503
フサイチパンドラ,9504
フサイチパンドラ,9505
フサイチパンドラ,9506
フサイチパンドラ,9507
フサイチパンドラ,9508
フサイチパンドラ,9509
フサイチパンドラ,416
フサイチパンドラ,2001
フサイチパンドラ,9782
フサイチパンドラ,9907
フサイチパンドラ,9954
フサイチパンドラ,2217
フサイチパンドラ,10031
フサイチパンドラ,3502
フサイチパンドラ,10305
フサイチパンドラ,10517
フサイチパンドラ,10557
フジキセキ,105
フジキセキ,202
フジキセキ,505
フジキセキ,2001
フジキセキ,2601
フジキセキ,2808
フジキセキ,2902
フジキセキ,3002
フジキセキ,3101
フジキセキ,2522
フジキセキ,3204
フジキセキ,8052
フジキセキ,8053
フジキセキ,8054
フジキセキ,8055
フジキセキ,8056
フジキセキ,8057
フジキセキ,8058
フジキセキ,8059
フジキセキ,8060
フジキセキ,8061
フジキセキ,8062
フジキセキ,8063
フジキセキ,8064
フジキセキ,8065
フジキセキ,8066
フジキセキ,8067
フジキセキ,8445
フジキセキ,8481
フジキセキ,8513
フジキセキ,8538
フジキセキ,8642
フジキセキ,8677
フジキセキ,8701
フジキセキ,8875
フジキセキ,9153
フジキセキ,2604
フジキセキ,407
フジキセキ,524
フジキセキ,2721
フジキセキ,3507
フジキセキ,3509
フジキセキ,2405
フジキセキ,9315
フジキセキ,9711
フジキセキ,9801
フジキセキ,9916
フジキセキ,10167
フリオーソ,2902
フリオーソ,3205
フリオーソ,2009
フリオーソ,2601
フリオーソ,2815
フリオーソ,3102
フリオーソ,2525
フリオーソ,2724
フリオーソ,2531
フリオーソ,2533
フリオーソ,2526
フリオーソ,2534
フリオーソ,3401
フリオーソ,3505
フリオーソ,3507
フリオーソ,3509
フリオーソ,2409
フリオーソ,105
フリオーソ,205
フリオーソ,409
フリオーソ,3002
フリオーソ,2604
フリオーソ,3003
ブエナビスタ,353
ブエナビスタ,102
ブエナビスタ,202
ブエナビスタ,2602
ブエナビスタ,2708
ブエナビスタ,2816
ブエナビスタ,2904
ブエナビスタ,3002
ブエナビスタ,3003
ブエナビスタ,3101
ブエナビスタ,2509
ブエナビスタ,2516
ブエナビスタ,2504
ブエナビスタ,2521
ブエナビスタ,2519
ブエナビスタ,2508
ブエナビスタ,3203
ブエナビスタ,3502
ブエナビスタ,3504
ブエナビスタ,3506
ブエナビスタ,3507
ブエナビスタ,3509
ブエナビスタ,2410
ブエナビスタ,2603
ブエナビスタ,9510
ブエナビスタ,9511
ブエナビスタ,9512
ブエナビスタ,9513
ブエナビスタ,9514
ブエナビスタ,9515
ブエナビスタ,9516
ブエナビスタ,9517
ブエナビスタ,9518
ブエナビスタ,9519
ブエナビスタ,9520
ブエナビスタ,9521
ブエナビスタ,9522
ブエナビスタ,9523
ブエナビスタ,9524
ブエナビスタ,9525
ブエナビスタ,9526
ブエナビスタ,9527
ブエナビスタ,9528
ブエナビスタ,9529
ブエナビスタ,9530
ブエナビスタ,9531
ブエナビスタ,9532
ブエナビスタ,9533
ブエナビスタ,9534
ブエナビスタ,9535
ブエナビスタ,9536
ブエナビスタ,9537
ブエナビスタ,9538
ブエナビスタ,9539
ブエナビスタ,9540
ブエナビスタ,9541
ブエナビスタ,9542
ブエナビスタ,9543
ブエナビスタ,416
ブエナビスタ,2101
ブエナビスタ,2213
ブエナビスタ,9783
ブエナビスタ,9908
ブエナビスタ,9955
ブエナビスタ,10032
ブエナビスタ,10306
ブエナビスタ,10518
ブエナビスタ,10558
ホッコータルマエ,3205
ホッコータルマエ,103
ホッコータルマエ,7031
ホッコータルマエ,202
ホッコータルマエ,2601
ホッコータルマエ,7033
ホッコータルマエ,3002
ホッコータルマエ,3003
ホッコータルマエ,3102
ホッコータルマエ,2525
ホッコータルマエ,2531
ホッコータルマエ,2529
ホッコータルマエ,8758
ホッコータルマエ,8913
ホッコータルマエ,8945
ホッコータルマエ,8977
ホッコータルマエ,9104
ホッコータルマエ,9111
ホッコータルマエ,9112
ホッコータルマエ,9113
ホッコータルマエ,9114
ホッコータルマエ,9115
ホッコータルマエ,9116
ホッコータルマエ,9122
ホッコータルマエ,9123
ホッコータルマエ,9124
ホッコータルマエ,9125
ホッコータルマエ,9126
ホッコータルマエ,9127
ホッコータルマエ,9128
ホッコータルマエ,344
ホッコータルマエ,2411
ホッコータルマエ,2533
ホッコータルマエ,2902
ホッコータルマエ,2603
ホッコータルマエ,2530
ホッコータルマエ,2520
ホッコータルマエ,413
ホッコータルマエ,520
ホッコータルマエ,2827
ホッコータルマエ,3401
ホッコータルマエ,3505
ホッコータルマエ,3506
ホッコータルマエ,3509
ホッコータルマエ,9335
ホッコータルマエ,9399
ホッコータルマエ,9433
ホッコータルマエ,9467
ホッコータルマエ,9501
ホッコータルマエ,9535
ホッコータルマエ,9569
ホッコータルマエ,9603
ホッコータルマエ,9637
ホッコータルマエ,9697
ホッコータルマエ,9823
ホッコータルマエ,10007
ホッコータルマエ,10074
ホッコータルマエ,10112
ホッコータルマエ,10150
ホッコータルマエ,10212
ホッコータルマエ,10280
ホッコータルマエ,10358
ホッコータルマエ,10397
ホッコータルマエ,10436
ホッコータルマエ,10457
ホッコータルマエ,10490
マチカネタンホイザ,8529
マチカネタンホイザ,8530
マチカネタンホイザ,8531
マチカネタンホイザ,8532
マチカネタンホイザ,8533
マチカネタンホイザ,8534
マチカネタンホイザ,8535
マチカネタンホイザ,8536
マチカネタンホイザ,8537
マチカネタンホイザ,8538
マチカネタンホイザ,8539
マチカネタンホイザ,8540
マチカネタンホイザ,8541
マチカネタンホイザ,8542
マチカネタンホイザ,8543
マチカネタンホイザ,8544
マチカネタンホイザ,8545
マチカネタンホイザ,8546
マチカネタンホイザ,8547
マチカネタンホイザ,8548
マチカネタンホイザ,2903
マチカネタンホイザ,3004
マチカネタンホイザ,3101
マチカネタンホイザ,3205
マチカネタンホイザ,2404
マチカネタンホイザ,2604
マチカネタンホイザ,103
マチカネタンホイザ,202
マチカネタンホイザ,327
マチカネタンホイザ,513
マチカネタンホイザ,2601
マチカネタンホイザ,2805
マチカネタンホイザ,8814
マチカネタンホイザ,9045
マチカネタンホイザ,9070
マチカネタンホイザ,415
マチカネタンホイザ,2726
マチカネタンホイザ,3301
マチカネタンホイザ,3401
マチカネタンホイザ,3501
マチカネタンホイザ,3503
マチカネタンホイザ,3504
マチカネタンホイザ,3509
マチカネタンホイザ,9253
マチカネタンホイザ,9273
マチカネタンホイザ,9310
マチカネタンホイザ,9662
マチカネタンホイザ,9748
マチカネタンホイザ,9844
マチカネタンホイザ,9872
マチカネタンホイザ,10239
マチカネフクキタル,104
マチカネフクキタル,202
マチカネフクキタル,402
マチカネフクキタル,2601
マチカネフクキタル,7002
マチカネフクキタル,2810
マチカネフクキタル,2903
マチカネフクキタル,3003
マチカネフクキタル,3101
マチカネフクキタル,2515
マチカネフクキタル,3205
マチカネフクキタル,8013
マチカネフクキタル,8029
マチカネフクキタル,8064
マチカネフクキタル,8094
マチカネフクキタル,8130
マチカネフクキタル,8174
マチカネフクキタル,8215
マチカネフクキタル,8231
マチカネフクキタル,8247
マチカネフクキタル,8263
マチカネフクキタル,8346
マチカネフクキタル,8392
マチカネフクキタル,8396
マチカネフクキタル,8397
マチカネフクキタル,2406
マチカネフクキタル,2603
マチカネフクキタル,8439
マチカネフクキタル,8506
マチカネフクキタル,327
マチカネフクキタル,9052
マチカネフクキタル,9077
マチカネフクキタル,539
マチカネフクキタル,3401
マチカネフクキタル,3501
マチカネフクキタル,3503
マチカネフクキタル,9280
マチカネフクキタル,9669
マチカネフクキタル,9754
マチカネフクキタル,9791
マチカネフクキタル,9851
マチカネフクキタル,9879
マチカネフクキタル,10247
マヤノトップガン,101
マヤノトップガン,202
マヤノトップガン,308
マヤノトップガン,2103
マヤノトップガン,2104
マヤノトップガン,2601
マヤノトップガン,2808
マヤノトップガン,2901
マヤノトップガン,3003
マヤノトップガン,3004
マヤノトップガン,3101
マヤノトップガン,2523
マヤノトップガン,2512
マヤノトップガン,2506
マヤノトップガン,2515
マヤノトップガン,3203
マヤノトップガン,2405
マヤノトップガン,2603
マヤノトップガン,2009
マヤノトップガン,419
マヤノトップガン,531
マヤノトップガン,2711
マヤノトップガン,3503
マヤノトップガン,3504
マルゼンスキー,106
マルゼンスキー,203
マルゼンスキー,2301
マルゼンスキー,2302
マルゼンスキー,2601
マルゼンスキー,2901
マルゼンスキー,3001
マルゼンスキー,3002
マルゼンスキー,3101
マルゼンスキー,2522
マルゼンスキー,3205
マルゼンスキー,8002
マルゼンスキー,8018
マルゼンスキー,8043
マルゼンスキー,8044
マルゼンスキー,8045
マルゼンスキー,8046
マルゼンスキー,8047
マルゼンスキー,8048
マルゼンスキー,8049
マルゼンスキー,8050
マルゼンスキー,8051
マルゼンスキー,8053
マルゼンスキー,8068
マルゼンスキー,8083
マルゼンスキー,8108
マルゼンスキー,8119
マルゼンスキー,8144
マルゼンスキー,8152
マルゼンスキー,8163
マルゼンスキー,8180
マルゼンスキー,8188
マルゼンスキー,8204
マルゼンスキー,8220
マルゼンスキー,8236
マルゼンスキー,8252
マルゼンスキー,8267
マルゼンスキー,8287
マルゼンスキー,8302
マルゼンスキー,8312
マルゼンスキー,8335
マルゼンスキー,8355
マルゼンスキー,8381
マルゼンスキー,8396
マルゼンスキー,8398
マルゼンスキー,2401
マルゼンスキー,2604
マルゼンスキー,2202
マルゼンスキー,8555
マルゼンスキー,8592
マルゼンスキー,8615
マルゼンスキー,2205
マルゼンスキー,8695
マルゼンスキー,8742
マルゼンスキー,8777
マルゼンスキー,8800
マルゼンスキー,8850
マルゼンスキー,8897
マルゼンスキー,8929
マルゼンスキー,8961
マルゼンスキー,8998
マルゼンスキー,9014
マルゼンスキー,9031
マルゼンスキー,9056
マルゼンスキー,9088
マルゼンスキー,9125
マルゼンスキー,9180
マルゼンスキー,9215
マルゼンスキー,406
マルゼンスキー,518
マルゼンスキー,524
マルゼンスキー,3507
マルゼンスキー,3509
マルゼンスキー,9239
マルゼンスキー,9259
マルゼンスキー,9294
マルゼンスキー,9350
マルゼンスキー,9369
マルゼンスキー,9383
マルゼンスキー,9417
マルゼンスキー,9451
マルゼンスキー,9485
マルゼンスキー,9519
マルゼンスキー,9553
マルゼンスキー,9587
マルゼンスキー,9621
マルゼンスキー,9648
マルゼンスキー,9681
マルゼンスキー,9734
マルゼンスキー,9829
マルゼンスキー,9857
マルゼンスキー,9960
マルゼンスキー,9989
マルゼンスキー,10040
マルゼンスキー,10056
マルゼンスキー,10094
マルゼンスキー,10132
マルゼンスキー,10160
マルゼンスキー,10194
マルゼンスキー,10224
マルゼンスキー,10262
マルゼンスキー,10319
マルゼンスキー,10340
マルゼンスキー,10379
マルゼンスキー,10418
マルゼンスキー,10472
マルゼンスキー,10535
マルゼンスキー,10575
マンハッタンカフェ,104
マンハッタンカフェ,201
マンハッタンカフェ,309
マンハッタンカフェ,2001
マンハッタンカフェ,2601
マンハッタンカフェ,2704
マンハッタンカフェ,2814
マンハッタンカフェ,2903
マンハッタンカフェ,3004
マンハッタンカフェ,3101
マンハッタンカフェ,2523
マンハッタンカフェ,2506
マンハッタンカフェ,2515
マンハッタンカフェ,3203
マンハッタンカフェ,8162
マンハッタンカフェ,8163
マンハッタンカフェ,8164
マンハッタンカフェ,8165
マンハッタンカフェ,8166
マンハッタンカフェ,8167
マンハッタンカフェ,8168
マンハッタンカフェ,8169
マンハッタンカフェ,8170
マンハッタンカフェ,8171
マンハッタンカフェ,8172
マンハッタンカフェ,8173
マンハッタンカフェ,8174
マンハッタンカフェ,8175
マンハッタンカフェ,8176
マンハッタンカフェ,8177
マンハッタンカフェ,8448
マンハッタンカフェ,8484
マンハッタンカフェ,8516
マンハッタンカフェ,8541
マンハッタンカフェ,8645
マンハッタンカフェ,8680
マンハッタンカフェ,8704
マンハッタンカフェ,8878
マンハッタンカフェ,9156
マンハッタンカフェ,2603
マンハッタンカフェ,410
マンハッタンカフェ,3506
マンハッタンカフェ,2407
マンハッタンカフェ,9318
マンハッタンカフェ,9714
マンハッタンカフェ,9804
マンハッタンカフェ,9919
マンハッタンカフェ,10170
マンハッタンカフェ,2220
マーベラスサンデー,102
マーベラスサンデー,202
マーベラスサンデー,323
マーベラスサンデー,2601
マーベラスサンデー,2808
マーベラスサンデー,3003
マーベラスサンデー,3101
マーベラスサンデー,2512
マーベラスサンデー,8380
マーベラスサンデー,8381
マーベラスサンデー,8382
マーベラスサンデー,8383
マーベラスサンデー,8384
マーベラスサンデー,8385
マーベラスサンデー,8386
マーベラスサンデー,8387
マーベラスサンデー,8388
マーベラスサンデー,8389
マーベラスサンデー,8390
マーベラスサンデー,8391
マーベラスサンデー,8392
マーベラスサンデー,8393
マーベラスサンデー,8394
マーベラスサンデー,8395
マーベラスサンデー,8454
マーベラスサンデー,8490
マーベラスサンデー,8522
マーベラスサンデー,8547
マーベラスサンデー,8651
マーベラスサンデー,2001
マーベラスサンデー,8686
マーベラスサンデー,8710
マーベラスサンデー,8884
マーベラスサンデー,9162
マーベラスサンデー,2903
マーベラスサンデー,3205
マーベラスサンデー,417
マーベラスサンデー,2503
マーベラスサンデー,3503
マーベラスサンデー,3504
マーベラスサンデー,2405
マーベラスサンデー,2603
マーベラスサンデー,9324
マーベラスサンデー,9720
マーベラスサンデー,9810
マーベラスサンデー,9925
マーベラスサンデー,10176
ミスターシービー,205
ミスターシービー,2601
ミスターシービー,2904
ミスターシービー,3003
ミスターシービー,3101
ミスターシービー,2510
ミスターシービー,2516
ミスターシービー,2505
ミスターシービー,2515
ミスターシービー,3204
ミスターシービー,8398
ミスターシービー,8399
ミスターシービー,8400
ミスターシービー,8401
ミスターシービー,8402
ミスターシービー,8403
ミスターシービー,8404
ミスターシービー,8405
ミスターシービー,8406
ミスターシービー,8407
ミスターシービー,8408
ミスターシービー,8409
ミスターシービー,8410
ミスターシービー,8411
ミスターシービー,8412
ミスターシービー,8442
ミスターシービー,8477
ミスターシービー,8509
ミスターシービー,8534
ミスターシービー,8571
ミスターシービー,8575
ミスターシービー,8638
ミスターシービー,106
ミスターシービー,2008
ミスターシービー,8789
ミスターシービー,8863
ミスターシービー,8870
ミスターシービー,9027
ミスターシービー,9228
ミスターシービー,2603
ミスターシービー,406
ミスターシービー,2825
ミスターシービー,3501
ミスターシービー,3503
ミスターシービー,3504
ミスターシービー,3509
ミスターシービー,2402
ミスターシービー,9795
ミスターシービー,9976
ミホノブルボン,104
ミホノブルボン,202
ミホノブルボン,310
ミホノブルボン,2601
ミホノブルボン,2805
ミホノブルボン,2901
ミホノブルボン,3001
ミホノブルボン,3002
ミホノブルボン,3003
ミホノブルボン,3101
ミホノブルボン,2510
ミホノブルボン,2522
ミホノブルボン,2505
ミホノブルボン,3204
ミホノブルボン,2604
ミホノブルボン,411
ミホノブルボン,518
ミホノブルボン,3501
ミホノブルボン,3507
ミホノブルボン,2404
メイショウドトウ,103
メイショウドトウ,202
メイショウドトウ,317
メイショウドトウ,2601
メイショウドトウ,2812
メイショウドトウ,2902
メイショウドトウ,3003
メイショウドトウ,3101
メイショウドトウ,2512
メイショウドトウ,8014
メイショウドトウ,8030
メイショウドトウ,8065
メイショウドトウ,8095
メイショウドトウ,8131
メイショウドトウ,8159
メイショウドトウ,8175
メイショウドトウ,8200
メイショウドトウ,8216
メイショウドトウ,8232
メイショウドトウ,8248
メイショウドトウ,8264
メイショウドトウ,8299
メイショウドトウ,8347
メイショウドトウ,8368
メイショウドトウ,8393
メイショウドトウ,8410
メイショウドトウ,8413
メイショウドトウ,8414
メイショウドトウ,8563
メイショウドトウ,2109
メイショウドトウ,2111
メイショウドトウ,8808
メイショウドトウ,9039
メイショウドトウ,9064
メイショウドトウ,414
メイショウドトウ,540
メイショウドトウ,3503
メイショウドトウ,3504
メイショウドトウ,3203
メイショウドトウ,2407
メイショウドトウ,2603
メイショウドトウ,9247
メイショウドトウ,9267
メイショウドトウ,9304
メイショウドトウ,9656
メイショウドトウ,9742
メイショウドトウ,9838
メイショウドトウ,9866
メイショウドトウ,10233
メジロアルダン,324
メジロアルダン,7025
メジロアルダン,7027
メジロアルダン,2802
メジロアルダン,8472
メジロアルダン,8473
メジロアルダン,8474
メジロアルダン,8475
メジロアルダン,8476
メジロアルダン,8477
メジロアルダン,8478
メジロアルダン,8479
メジロアルダン,8480
メジロアルダン,8481
メジロアルダン,8482
メジロアルダン,8483
メジロアルダン,8484
メジロアルダン,8485
メジロアルダン,8486
メジロアルダン,8487
メジロアルダン,8488
メジロアルダン,8489
メジロアルダン,8490
メジロアルダン,8491
メジロアルダン,2902
メジロアルダン,3003
メジロアルダン,3101
メジロアルダン,3203
メジロアルダン,2403
メジロアルダン,2603
メジロアルダン,106
メジロアルダン,201
メジロアルダン,326
メジロアルダン,2108
メジロアルダン,2601
メジロアルダン,503
メジロアルダン,8813
メジロアルダン,9044
メジロアルダン,9069
メジロアルダン,405
メジロアルダン,504
メジロアルダン,3301
メジロアルダン,3504
メジロアルダン,9252
メジロアルダン,9272
メジロアルダン,9309
メジロアルダン,9661
メジロアルダン,9747
メジロアルダン,9843
メジロアルダン,9871
メジロアルダン,10238
メジロドーベル,104
メジロドーベル,201
メジロドーベル,304
メジロドーベル,503
メジロドーベル,2602
メジロドーベル,2810
メジロドーベル,2903
メジロドーベル,3002
メジロドーベル,3003
メジロドーベル,3101
メジロドーベル,2509
メジロドーベル,2514
メジロドーベル,2521
メジロドーベル,2517
メジロドーベル,8015
メジロドーベル,8031
メジロドーベル,8066
メジロドーベル,8096
メジロドーベル,8132
メジロドーベル,8160
メジロドーベル,8176
メジロドーベル,8201
メジロドーベル,8217
メジロドーベル,8233
メジロドーベル,8249
メジロドーベル,8265
メジロドーベル,8300
メジロドーベル,8348
メジロドーベル,8369
メジロドーベル,8394
メジロドーベル,8411
メジロドーベル,8415
メジロドーベル,8416
メジロドーベル,8566
メジロドーベル,2004
メジロドーベル,7030
メジロドーベル,8812
メジロドーベル,9043
メジロドーベル,9068
メジロドーベル,402
メジロドーベル,532
メジロドーベル,3502
メジロドーベル,3503
メジロドーベル,3507
メジロドーベル,3509
メジロドーベル,3205
メジロドーベル,2406
メジロドーベル,2604
メジロドーベル,9251
メジロドーベル,9271
メジロドーベル,9308
メジロドーベル,9660
メジロドーベル,9746
メジロドーベル,9842
メジロドーベル,9870
メジロドーベル,10237
メジロパーマー,8478
メジロパーマー,8510
メジロパーマー,8535
メジロパーマー,8555
メジロパーマー,8556
メジロパーマー,8557
メジロパーマー,8559
メジロパーマー,8560
メジロパーマー,8561
メジロパーマー,8562
メジロパーマー,8563
メジロパーマー,8564
メジロパーマー,8565
メジロパーマー,8566
メジロパーマー,8569
メジロパーマー,8570
メジロパーマー,8571
メジロパーマー,8639
メジロパーマー,2901
メジロパーマー,3003
メジロパーマー,3004
メジロパーマー,3101
メジロパーマー,2523
メジロパーマー,2512
メジロパーマー,3203
メジロパーマー,2404
メジロパーマー,2603
メジロパーマー,105
メジロパーマー,202
メジロパーマー,329
メジロパーマー,514
メジロパーマー,2601
メジロパーマー,2803
メジロパーマー,503
メジロパーマー,8816
メジロパーマー,8872
メジロパーマー,408
メジロパーマー,526
メジロパーマー,2710
メジロパーマー,3401
メジロパーマー,3503
メジロパーマー,3504
メジロパーマー,9255
メジロパーマー,9312
メジロパーマー,9798
メジロブライト,8633
メジロブライト,8634
メジロブライト,8635
メジロブライト,8636
メジロブライト,8637
メジロブライト,8638
メジロブライト,8639
メジロブライト,8640
メジロブライト,8641
メジロブライト,8642
メジロブライト,8643
メジロブライト,8644
メジロブライト,8645
メジロブライト,8646
メジロブライト,8647
メジロブライト,8648
メジロブライト,8649
メジロブライト,8650
メジロブライト,8651
メジロブライト,8652
メジロブライト,2903
メジロブライト,3004
メジロブライト,3101
メジロブライト,2506
メジロブライト,3204
メジロブライト,2406
メジロブライト,2603
メジロブライト,104
メジロブライト,202
メジロブライト,333
メジロブライト,2004
メジロブライト,2204
メジロブライト,2205
メジロブライト,2601
メジロブライト,7030
メジロブライト,2810
メジロブライト,503
メジロブライト,8815
メジロブライト,9046
メジロブライト,9071
メジロブライト,402
メジロブライト,2722
メジロブライト,2524
メジロブライト,3401
メジロブライト,3501
メジロブライト,3503
メジロブライト,3504
メジロブライト,3507
メジロブライト,9254
メジロブライト,9274
メジロブライト,9311
メジロブライト,9663
メジロブライト,9749
メジロブライト,9845
メジロブライト,9873
メジロブライト,10240
メジロマックイーン,102
メジロマックイーン,202
メジロマックイーン,403
メジロマックイーン,503
メジロマックイーン,504
メジロマックイーン,2303
メジロマックイーン,2601
メジロマックイーン,7008
メジロマックイーン,7016
メジロマックイーン,2803
メジロマックイーン,2902
メジロマックイーン,3003
メジロマックイーン,3004
メジロマックイーン,3101
メジロマックイーン,2512
メジロマックイーン,2506
メジロマックイーン,2515
メジロマックイーン,3204
メジロマックイーン,8003
メジロマックイーン,8019
メジロマックイーン,8054
メジロマックイーン,8084
メジロマックイーン,8098
メジロマックイーン,8099
メジロマックイーン,8100
メジロマックイーン,8101
メジロマックイーン,8102
メジロマックイーン,8103
メジロマックイーン,8104
メジロマックイーン,8105
メジロマックイーン,8106
メジロマックイーン,8107
メジロマックイーン,8120
メジロマックイーン,8164
メジロマックイーン,8205
メジロマックイーン,8221
メジロマックイーン,8237
メジロマックイーン,8253
メジロマックイーン,8280
メジロマックイーン,8336
メジロマックイーン,8375
メジロマックイーン,8382
メジロマックイーン,8422
メジロマックイーン,2404
メジロマックイーン,2603
メジロマックイーン,8469
メジロマックイーン,8584
メジロマックイーン,8597
メジロマックイーン,8620
メジロマックイーン,328
メジロマックイーン,516
メジロマックイーン,8747
メジロマックイーン,8782
メジロマックイーン,8833
メジロマックイーン,8855
メジロマックイーン,8902
メジロマックイーン,8934
メジロマックイーン,8966
メジロマックイーン,9019
メジロマックイーン,9048
メジロマックイーン,9073
メジロマックイーン,9093
メジロマックイーン,9185
メジロマックイーン,9220
メジロマックイーン,523
メジロマックイーン,525
メジロマックイーン,2503
メジロマックイーン,3503
メジロマックイーン,3504
メジロマックイーン,9276
メジロマックイーン,9388
メジロマックイーン,9422
メジロマックイーン,9456
メジロマックイーン,9490
メジロマックイーン,9524
メジロマックイーン,9558
メジロマックイーン,9592
メジロマックイーン,9626
メジロマックイーン,9665
メジロマックイーン,9686
メジロマックイーン,2214
メジロマックイーン,2216
メジロマックイーン,9751
メジロマックイーン,9847
メジロマックイーン,9875
メジロマックイーン,9966
メジロマックイーン,9995
メジロマックイーン,2742
メジロマックイーン,10062
メジロマックイーン,10100
メジロマックイーン,10138
メジロマックイーン,10200
メジロマックイーン,10242
メジロマックイーン,10268
メジロマックイーン,10346
メジロマックイーン,10385
メジロマックイーン,10424
メジロマックイーン,10478
メジロライアン,105
メジロライアン,201
メジロライアン,311
メジロライアン,503
メジロライアン,2601
メジロライアン,7010
メジロライアン,7020
メジロライアン,2803
メジロライアン,2903
メジロライアン,3003
メジロライアン,3101
メジロライアン,2512
メジロライアン,3204
メジロライアン,8007
メジロライアン,8023
メジロライアン,8058
メジロライアン,8088
メジロライアン,8124
メジロライアン,8154
メジロライアン,8168
メジロライアン,8178
メジロライアン,8179
メジロライアン,8193
メジロライアン,8209
メジロライアン,8225
メジロライアン,8241
メジロライアン,8257
メジロライアン,8292
メジロライアン,8340
メジロライアン,8359
メジロライアン,8386
メジロライアン,8403
メジロライアン,2404
メジロライアン,2603
メジロライアン,8565
メジロライアン,2204
メジロライアン,8811
メジロライアン,9042
メジロライアン,9067
メジロライアン,408
メジロライアン,2717
メジロライアン,3501
メジロライアン,3503
メジロライアン,9250
メジロライアン,9270
メジロライアン,9307
メジロライアン,9659
メジロライアン,9745
メジロライアン,9841
メジロライアン,9869
メジロライアン,10236
メジロラモーヌ,2902
メジロラモーヌ,3002
メジロラモーヌ,106
メジロラモーヌ,201
メジロラモーヌ,2602
メジロラモーヌ,503
メジロラモーヌ,3003
メジロラモーヌ,3101
メジロラモーヌ,2509
メジロラモーヌ,2504
メジロラモーヌ,2517
メジロラモーヌ,3204
メジロラモーヌ,8694
メジロラモーヌ,8731
メジロラモーヌ,8764
メジロラモーヌ,8819
メジロラモーヌ,8820
メジロラモーヌ,8821
メジロラモーヌ,8822
メジロラモーヌ,8823
メジロラモーヌ,8824
メジロラモーヌ,8826
メジロラモーヌ,8827
メジロラモーヌ,8828
メジロラモーヌ,8829
メジロラモーヌ,8830
メジロラモーヌ,8831
メジロラモーヌ,8832
メジロラモーヌ,8833
メジロラモーヌ,8834
メジロラモーヌ,8836
メジロラモーヌ,8837
メジロラモーヌ,345
メジロラモーヌ,406
メジロラモーヌ,504
メジロラモーヌ,2715
メジロラモーヌ,3502
メジロラモーヌ,3509
メジロラモーヌ,2403
メジロラモーヌ,2603
メジロラモーヌ,9407
メジロラモーヌ,9441
メジロラモーヌ,9475
メジロラモーヌ,9509
メジロラモーヌ,9543
メジロラモーヌ,9577
メジロラモーヌ,9611
メジロラモーヌ,9645
メジロラモーヌ,9705
メジロラモーヌ,9730
メジロラモーヌ,9938
メジロラモーヌ,10015
メジロラモーヌ,10083
メジロラモーヌ,10121
メジロラモーヌ,10159
メジロラモーヌ,10221
メジロラモーヌ,10289
メジロラモーヌ,10368
メジロラモーヌ,10407
メジロラモーヌ,10446
メジロラモーヌ,10500
ヤエノムテキ,7026
ヤエノムテキ,7027
ヤエノムテキ,2802
ヤエノムテキ,8492
ヤエノムテキ,8493
ヤエノムテキ,8494
ヤエノムテキ,8495
ヤエノムテキ,8496
ヤエノムテキ,8497
ヤエノムテキ,8498
ヤエノムテキ,8499
ヤエノムテキ,8500
ヤエノムテキ,8501
ヤエノムテキ,8502
ヤエノムテキ,8503
ヤエノムテキ,8504
ヤエノムテキ,8505
ヤエノムテキ,8506
ヤエノムテキ,8507
ヤエノムテキ,8508
ヤエノムテキ,8509
ヤエノムテキ,8510
ヤエノムテキ,8511
ヤエノムテキ,8512
ヤエノムテキ,8513
ヤエノムテキ,8514
ヤエノムテキ,8515
ヤエノムテキ,8516
ヤエノムテキ,8517
ヤエノムテキ,8518
ヤエノムテキ,8519
ヤエノムテキ,8520
ヤエノムテキ,8521
ヤエノムテキ,8522
ヤエノムテキ,8523
ヤエノムテキ,8524
ヤエノムテキ,8525
ヤエノムテキ,8526
ヤエノムテキ,8527
ヤエノムテキ,8528
ヤエノムテキ,2902
ヤエノムテキ,3003
ヤエノムテキ,3101
ヤエノムテキ,2516
ヤエノムテキ,2505
ヤエノムテキ,3204
ヤエノムテキ,2403
ヤエノムテキ,2604
ヤエノムテキ,105
ヤエノムテキ,202
ヤエノムテキ,334
ヤエノムテキ,2601
ヤエノムテキ,8698
ヤエノムテキ,8745
ヤエノムテキ,8780
ヤエノムテキ,8803
ヤエノムテキ,8853
ヤエノムテキ,8900
ヤエノムテキ,8932
ヤエノムテキ,8964
ヤエノムテキ,9001
ヤエノムテキ,9017
ヤエノムテキ,9034
ヤエノムテキ,9059
ヤエノムテキ,9091
ヤエノムテキ,9128
ヤエノムテキ,9183
ヤエノムテキ,9218
ヤエノムテキ,409
ヤエノムテキ,2717
ヤエノムテキ,2503
ヤエノムテキ,3501
ヤエノムテキ,3503
ヤエノムテキ,3504
ヤエノムテキ,9242
ヤエノムテキ,9262
ヤエノムテキ,9297
ヤエノムテキ,9353
ヤエノムテキ,9372
ヤエノムテキ,9386
ヤエノムテキ,9420
ヤエノムテキ,9454
ヤエノムテキ,9488
ヤエノムテキ,9522
ヤエノムテキ,9556
ヤエノムテキ,9590
ヤエノムテキ,9624
ヤエノムテキ,9651
ヤエノムテキ,9684
ヤエノムテキ,9737
ヤエノムテキ,9832
ヤエノムテキ,9860
ヤエノムテキ,9963
ヤエノムテキ,9992
ヤエノムテキ,10043
ヤエノムテキ,10059
ヤエノムテキ,10097
ヤエノムテキ,10135
ヤエノムテキ,10163
ヤエノムテキ,10197
ヤエノムテキ,10227
ヤエノムテキ,10265
ヤエノムテキ,10322
ヤエノムテキ,10343
ヤエノムテキ,10382
ヤエノムテキ,10421
ヤエノムテキ,10475
ヤエノムテキ,10538
ヤエノムテキ,10578
ヤマニンゼファー,2902
ヤマニンゼファー,3001
ヤマニンゼファー,3002
ヤマニンゼファー,3205
ヤマニンゼファー,102
ヤマニンゼファー,201
ヤマニンゼファー,2804
ヤマニンゼファー,2604
ヤマニンゼファー,2601
ヤマニンゼファー,8723
ヤマニンゼファー,8724
ヤマニンゼファー,8725
ヤマニンゼファー,8726
ヤマニンゼファー,8727
ヤマニンゼファー,8728
ヤマニンゼファー,8729
ヤマニンゼファー,8730
ヤマニンゼファー,8731
ヤマニンゼファー,342
ヤマニンゼファー,3101
ヤマニンゼファー,2516
ヤマニンゼファー,2511
ヤマニンゼファー,2404
ヤマニンゼファー,416
ヤマニンゼファー,521
ヤマニンゼファー,2727
ヤマニンゼファー,3508
ヤマニンゼファー,3509
ヤマニンゼファー,10447
ユキノビジン,102
ユキノビジン,201
ユキノビジン,309
ユキノビジン,2003
ユキノビジン,2107
ユキノビジン,2602
ユキノビジン,2703
ユキノビジン,2806
ユキノビジン,2902
ユキノビジン,3002
ユキノビジン,3003
ユキノビジン,3101
ユキノビジン,3203
ユキノビジン,8188
ユキノビジン,8189
ユキノビジン,8190
ユキノビジン,8191
ユキノビジン,8192
ユキノビジン,8193
ユキノビジン,8194
ユキノビジン,8195
ユキノビジン,8196
ユキノビジン,8197
ユキノビジン,8198
ユキノビジン,8199
ユキノビジン,8200
ユキノビジン,8201
ユキノビジン,8202
ユキノビジン,8440
ユキノビジン,8475
ユキノビジン,8507
ユキノビジン,8532
ユキノビジン,8569
ユキノビジン,8573
ユキノビジン,8636
ユキノビジン,2603
ユキノビジン,8787
ユキノビジン,8861
ユキノビジン,8868
ユキノビジン,9025
ユキノビジン,9226
ユキノビジン,2405
ユキノビジン,416
ユキノビジン,3301
ユキノビジン,3502
ユキノビジン,3505
ユキノビジン,9793
ユキノビジン,9974
ライスシャワー,104
ライスシャワー,201
ライスシャワー,313
ライスシャワー,2601
ライスシャワー,2704
ライスシャワー,2805
ライスシャワー,2902
ライスシャワー,3003
ライスシャワー,3004
ライスシャワー,3101
ライスシャワー,2506
ライスシャワー,2515
ライスシャワー,3203
ライスシャワー,8203
ライスシャワー,8204
ライスシャワー,8205
ライスシャワー,8206
ライスシャワー,8207
ライスシャワー,8208
ライスシャワー,8209
ライスシャワー,8210
ライスシャワー,8211
ライスシャワー,8212
ライスシャワー,8213
ライスシャワー,8214
ライスシャワー,8215
ライスシャワー,8216
ライスシャワー,8217
ライスシャワー,8218
ライスシャワー,508
ライスシャワー,2404
ライスシャワー,2604
ライスシャワー,8449
ライスシャワー,8485
ライスシャワー,8517
ライスシャワー,8542
ライスシャワー,8646
ライスシャワー,8681
ライスシャワー,8705
ライスシャワー,8879
ライスシャワー,9157
ライスシャワー,411
ライスシャワー,523
ライスシャワー,3401
ライスシャワー,3501
ライスシャワー,3503
ライスシャワー,3504
ライスシャワー,9319
ライスシャワー,9715
ライスシャワー,9805
ライスシャワー,9920
ライスシャワー,10171
ラインクラフト,102
ラインクラフト,2602
ラインクラフト,2902
ラインクラフト,350
ラインクラフト,202
ラインクラフト,2705
ラインクラフト,2829
ラインクラフト,3001
ラインクラフト,3002
ラインクラフト,3101
ラインクラフト,2504
ラインクラフト,2507
ラインクラフト,3204
ラインクラフト,3502
ラインクラフト,3508
ラインクラフト,3509
ラインクラフト,2409
ラインクラフト,2604
ラインクラフト,9355
ラインクラフト,9356
ラインクラフト,9357
ラインクラフト,9358
ラインクラフト,9359
ラインクラフト,9360
ラインクラフト,9361
ラインクラフト,9362
ラインクラフト,9363
ラインクラフト,9364
ラインクラフト,9365
ラインクラフト,9366
ラインクラフト,9367
ラインクラフト,9368
ラインクラフト,9369
ラインクラフト,9370
ラインクラフト,9371
ラインクラフト,9372
ラインクラフト,9373
ラインクラフト,9401
ラインクラフト,9435
ラインクラフト,9469
ラインクラフト,9503
ラインクラフト,9537
ラインクラフト,9571
ラインクラフト,9605
ラインクラフト,9639
ラインクラフト,9699
ラインクラフト,421
ラインクラフト,9825
ラインクラフト,10009
ラインクラフト,10076
ラインクラフト,10114
ラインクラフト,10152
ラインクラフト,10214
ラインクラフト,10282
ラインクラフト,10360
ラインクラフト,10399
ラインクラフト,10438
ラインクラフト,10459
ラインクラフト,10492
ラッキーライラック,202
ラッキーライラック,423
ラッキーライラック,2218
ラッキーライラック,2219
ラッキーライラック,2602
ラッキーライラック,2742
ラッキーライラック,2832
ラッキーライラック,2902
ラッキーライラック,3003
ラッキーライラック,3101
ラッキーライラック,2521
ラッキーライラック,2517
ラッキーライラック,2503
ラッキーライラック,3204
ラッキーライラック,3502
ラッキーライラック,3503
ラッキーライラック,3506
ラッキーライラック,3507
ラッキーライラック,3509
ラッキーライラック,10046
ラッキーライラック,10047
ラッキーライラック,10048
ラッキーライラック,10049
ラッキーライラック,10050
ラッキーライラック,10051
ラッキーライラック,10052
ラッキーライラック,10053
ラッキーライラック,10054
ラッキーライラック,10055
ラッキーライラック,10056
ラッキーライラック,10057
ラッキーライラック,10058
ラッキーライラック,10059
ラッキーライラック,10060
ラッキーライラック,10061
ラッキーライラック,10062
ラッキーライラック,10063
ラッキーライラック,10064
ラッキーライラック,10065
ラッキーライラック,10066
ラッキーライラック,10067
ラッキーライラック,10068
ラッキーライラック,10069
ラッキーライラック,10070
ラッキーライラック,10071
ラッキーライラック,10072
ラッキーライラック,10073
ラッキーライラック,10074
ラッキーライラック,10075
ラッキーライラック,10076
ラッキーライラック,10077
ラッキーライラック,10078
ラッキーライラック,10079
ラッキーライラック,10080
ラッキーライラック,10081
ラッキーライラック,10082
ラッキーライラック,10083
ラッキーライラック,2413
ラッキーライラック,2603
ラッキーライラック,371
ラッキーライラック,10312
ラッキーライラック,10524
ラッキーライラック,10564
ラッキーライラック,102
ラヴズオンリーユー,101
ラヴズオンリーユー,10122
ラヴズオンリーユー,10123
ラヴズオンリーユー,10124
ラヴズオンリーユー,10125
ラヴズオンリーユー,10126
ラヴズオンリーユー,10127
ラヴズオンリーユー,10128
ラヴズオンリーユー,10129
ラヴズオンリーユー,10130
ラヴズオンリーユー,10131
ラヴズオンリーユー,10132
ラヴズオンリーユー,10133
ラヴズオンリーユー,10134
ラヴズオンリーユー,10135
ラヴズオンリーユー,10136
ラヴズオンリーユー,10137
ラヴズオンリーユー,10138
ラヴズオンリーユー,10139
ラヴズオンリーユー,10140
ラヴズオンリーユー,10141
ラヴズオンリーユー,10142
ラヴズオンリーユー,10143
ラヴズオンリーユー,10144
ラヴズオンリーユー,10145
ラヴズオンリーユー,10146
ラヴズオンリーユー,10147
ラヴズオンリーユー,10148
ラヴズオンリーユー,10149
ラヴズオンリーユー,10150
ラヴズオンリーユー,10151
ラヴズオンリーユー,10152
ラヴズオンリーユー,10153
ラヴズオンリーユー,10154
ラヴズオンリーユー,10155
ラヴズオンリーユー,10156
ラヴズオンリーユー,10157
ラヴズオンリーユー,10158
ラヴズオンリーユー,10159
ラヴズオンリーユー,202
ラヴズオンリーユー,369
ラヴズオンリーユー,424
ラヴズオンリーユー,2101
ラヴズオンリーユー,2602
ラヴズオンリーユー,2712
ラヴズオンリーユー,2833
ラヴズオンリーユー,2903
ラヴズオンリーユー,3003
ラヴズオンリーユー,3101
ラヴズオンリーユー,2509
ラヴズオンリーユー,3203
ラヴズオンリーユー,3506
ラヴズオンリーユー,2413
ラヴズオンリーユー,2604
ラヴズオンリーユー,10314
ラヴズオンリーユー,10526
ラヴズオンリーユー,10566
ラヴズオンリーユー,2535
ラヴズオンリーユー,2538
ラヴズオンリーユー,2547
レッドディザイア,367
レッドディザイア,102
レッドディザイア,202
レッドディザイア,416
レッドディザイア,2101
レッドディザイア,2220
レッドディザイア,2602
レッドディザイア,2722
レッドディザイア,2816
レッドディザイア,2903
レッドディザイア,3003
レッドディザイア,3101
レッドディザイア,2514
レッドディザイア,3204
レッドディザイア,3502
レッドディザイア,3504
レッドディザイア,3506
レッドディザイア,2410
レッドディザイア,2604
レッドディザイア,10252
レッドディザイア,10253
レッドディザイア,10254
レッドディザイア,10255
レッドディザイア,10256
レッドディザイア,10257
レッドディザイア,10258
レッドディザイア,10259
レッドディザイア,10260
レッドディザイア,10261
レッドディザイア,10262
レッドディザイア,10263
レッドディザイア,10264
レッドディザイア,10265
レッドディザイア,10266
レッドディザイア,10267
レッドディザイア,10268
レッドディザイア,10269
レッドディザイア,10270
レッドディザイア,10271
レッドディザイア,10272
レッドディザイア,10273
レッドディザイア,10274
レッドディザイア,10275
レッドディザイア,10276
レッドディザイア,10277
レッドディザイア,10278
レッドディザイア,10279
レッドディザイア,10280
レッドディザイア,10281
レッドディザイア,10282
レッドディザイア,10283
レッドディザイア,10284
レッドディザイア,10285
レッドディザイア,10286
レッドディザイア,10287
レッドディザイア,10288
レッドディザイア,10289
レッドディザイア,10316
レッドディザイア,10528
レッドディザイア,10568
ロイスアンドロイス,103
ロイスアンドロイス,2601
ロイスアンドロイス,2703
ロイスアンドロイス,2806
ロイスアンドロイス,3203
ロイスアンドロイス,8661
ロイスアンドロイス,8721
ロイスアンドロイス,8741
ロイスアンドロイス,8799
ロイスアンドロイス,8896
ロイスアンドロイス,8928
ロイスアンドロイス,8960
ロイスアンドロイス,9087
ロイスアンドロイス,9137
ロイスアンドロイス,9179
ロイスアンドロイス,9203
ロイスアンドロイス,9204
ロイスアンドロイス,9205
ロイスアンドロイス,9206
ロイスアンドロイス,9207
ロイスアンドロイス,9208
ロイスアンドロイス,9215
ロイスアンドロイス,9216
ロイスアンドロイス,9217
ロイスアンドロイス,9218
ロイスアンドロイス,9219
ロイスアンドロイス,9220
ロイスアンドロイス,9221
ロイスアンドロイス,9224
ロイスアンドロイス,9226
ロイスアンドロイス,9227
ロイスアンドロイス,9228
ロイスアンドロイス,2902
ロイスアンドロイス,347
ロイスアンドロイス,415
ロイスアンドロイス,3301
ロイスアンドロイス,3401
ロイスアンドロイス,3503
ロイスアンドロイス,3504
ロイスアンドロイス,9238
ロイスアンドロイス,9290
ロイスアンドロイス,9382
ロイスアンドロイス,9416
ロイスアンドロイス,9450
ロイスアンドロイス,9484
ロイスアンドロイス,9518
ロイスアンドロイス,9552
ロイスアンドロイス,9586
ロイスアンドロイス,9620
ロイスアンドロイス,9680
ロイスアンドロイス,9766
ロイスアンドロイス,9891
ロイスアンドロイス,9987
ロイスアンドロイス,10054
ロイスアンドロイス,10092
ロイスアンドロイス,10130
ロイスアンドロイス,10192
ロイスアンドロイス,10260
ロイスアンドロイス,10338
ロイスアンドロイス,10377
ロイスアンドロイス,10416
ロイスアンドロイス,10470
ロイスアンドロイス,201
ロイスアンドロイス,3003
ロイスアンドロイス,2405
ロイスアンドロイス,2603
ロイスアンドロイス,3101
ワンダーアキュート,2603
ワンダーアキュート,7032
ワンダーアキュート,104
ワンダーアキュート,2601
ワンダーアキュート,7033
ワンダーアキュート,2816
ワンダーアキュート,3002
ワンダーアキュート,3003
ワンダーアキュート,3102
ワンダーアキュート,2525
ワンダーアキュート,2529
ワンダーアキュート,3203
ワンダーアキュート,2410
ワンダーアキュート,343
ワンダーアキュート,2533
ワンダーアキュート,2902
ワンダーアキュート,202
ワンダーアキュート,412
ワンダーアキュート,520
ワンダーアキュート,547
ワンダーアキュート,2708
ワンダーアキュート,3401
ワンダーアキュート,3505
ワンダーアキュート,3509
ヴィクトワールピサ,104
ヴィクトワールピサ,202
ヴィクトワールピサ,377
ヴィクトワールピサ,412
ヴィクトワールピサ,2101
ヴィクトワールピサ,2227
ヴィクトワールピサ,2601
ヴィクトワールピサ,2817
ヴィクトワールピサ,2903
ヴィクトワールピサ,3003
ヴィクトワールピサ,3101
ヴィクトワールピサ,2523
ヴィクトワールピサ,2505
ヴィクトワールピサ,3203
ヴィクトワールピサ,3501
ヴィクトワールピサ,3504
ヴィクトワールピサ,3506
ヴィクトワールピサ,2410
ヴィクトワールピサ,2604
ヴィクトワールピサ,2713
ヴィクトワールピサ,10462
ヴィクトワールピサ,10463
ヴィクトワールピサ,10464
ヴィクトワールピサ,10465
ヴィクトワールピサ,10466
ヴィクトワールピサ,10467
ヴィクトワールピサ,10468
ヴィクトワールピサ,10469
ヴィクトワールピサ,10470
ヴィクトワールピサ,10471
ヴィクトワールピサ,10472
ヴィクトワールピサ,10473
ヴィクトワールピサ,10474
ヴィクトワールピサ,10475
ヴィクトワールピサ,10476
ヴィクトワールピサ,10477
ヴィクトワールピサ,10478
ヴィクトワールピサ,10479
ヴィクトワールピサ,10480
ヴィクトワールピサ,10481
ヴィクトワールピサ,10482
ヴィクトワールピサ,10483
ヴィクトワールピサ,10484
ヴィクトワールピサ,10485
ヴィクトワールピサ,10486
ヴィクトワールピサ,10487
ヴィクトワールピサ,10488
ヴィクトワールピサ,10489
ヴィクトワールピサ,10490
ヴィクトワールピサ,10491
ヴィクトワールピサ,10492
ヴィクトワールピサ,10493
ヴィクトワールピサ,10494
ヴィクトワールピサ,10495
ヴィクトワールピサ,10496
ヴィクトワールピサ,10497
ヴィクトワールピサ,10498
ヴィクトワールピサ,10499
ヴィクトワールピサ,10500
ヴィクトワールピサ,10532
ヴィクトワールピサ,10572
ヴィクトワールピサ,2540
ヴィクトワールピサ,3102
ヴィブロス,2824
ヴィブロス,101
ヴィブロス,202
ヴィブロス,2602
ヴィブロス,3003
ヴィブロス,3101
ヴィブロス,2514
ヴィブロス,8671
ヴィブロス,8774
ヴィブロス,8828
ヴィブロス,8847
ヴィブロス,8952
ヴィブロス,8953
ヴィブロス,8954
ヴィブロス,8955
ヴィブロス,8956
ヴィブロス,8959
ヴィブロス,8960
ヴィブロス,8961
ヴィブロス,8962
ヴィブロス,8963
ヴィブロス,8964
ヴィブロス,8965
ヴィブロス,8966
ヴィブロス,8967
ヴィブロス,8969
ヴィブロス,8970
ヴィブロス,8971
ヴィブロス,8972
ヴィブロス,8973
ヴィブロス,8974
ヴィブロス,8975
ヴィブロス,8976
ヴィブロス,8977
ヴィブロス,8978
ヴィブロス,8979
ヴィブロス,8980
ヴィブロス,8981
ヴィブロス,8982
ヴィブロス,2903
ヴィブロス,351
ヴィブロス,418
ヴィブロス,2715
ヴィブロス,3401
ヴィブロス,3506
ヴィブロス,3509
ヴィブロス,9345
ヴィブロス,9364
ヴィブロス,2412
ヴィブロス,2604
ヴィブロス,3204
ヴィブロス,9776
ヴィブロス,9901
ヴィブロス,9948
ヴィブロス,10025
ヴィブロス,10299
ヴィブロス,10511
ヴィブロス,10551
ヴィブロス,2542
ヴィルシーナ,103
ヴィルシーナ,202
ヴィルシーナ,2602
ヴィルシーナ,2704
ヴィルシーナ,3002
ヴィルシーナ,3101
ヴィルシーナ,2508
ヴィルシーナ,3203
ヴィルシーナ,8670
ヴィルシーナ,8773
ヴィルシーナ,8827
ヴィルシーナ,8846
ヴィルシーナ,8920
ヴィルシーナ,8921
ヴィルシーナ,8922
ヴィルシーナ,8923
ヴィルシーナ,8924
ヴィルシーナ,8927
ヴィルシーナ,8928
ヴィルシーナ,8929
ヴィルシーナ,8930
ヴィルシーナ,8931
ヴィルシーナ,8932
ヴィルシーナ,8933
ヴィルシーナ,8934
ヴィルシーナ,8935
ヴィルシーナ,8937
ヴィルシーナ,8938
ヴィルシーナ,8939
ヴィルシーナ,8940
ヴィルシーナ,8941
ヴィルシーナ,8942
ヴィルシーナ,8943
ヴィルシーナ,8944
ヴィルシーナ,8945
ヴィルシーナ,8946
ヴィルシーナ,8947
ヴィルシーナ,8948
ヴィルシーナ,8949
ヴィルシーナ,8950
ヴィルシーナ,344
ヴィルシーナ,2901
ヴィルシーナ,413
ヴィルシーナ,2827
ヴィルシーナ,3502
ヴィルシーナ,3503
ヴィルシーナ,3504
ヴィルシーナ,3509
ヴィルシーナ,9344
ヴィルシーナ,9363
ヴィルシーナ,9775
ヴィルシーナ,9900
ヴィルシーナ,9947
ヴィルシーナ,10024
ヴィルシーナ,2101
ヴィルシーナ,2411
ヴィルシーナ,2604
ヴィルシーナ,10298
ヴィルシーナ,10510
ヴィルシーナ,10550
ルーラーシップ,104
ルーラーシップ,202
ルーラーシップ,375
ルーラーシップ,402
ルーラーシップ,2221
ルーラーシップ,2228
ルーラーシップ,2601
ルーラーシップ,2752
ルーラーシップ,2817
ルーラーシップ,3101
ルーラーシップ,3205
ルーラーシップ,3504
ルーラーシップ,3506
ルーラーシップ,2410
ルーラーシップ,2604
ルーラーシップ,10541
ルーラーシップ,10542
ルーラーシップ,10543
ルーラーシップ,10544
ルーラーシップ,10545
ルーラーシップ,10546
ルーラーシップ,10547
ルーラーシップ,10548
ルーラーシップ,10549
ルーラーシップ,10550
ルーラーシップ,10551
ルーラーシップ,10552
ルーラーシップ,10553
ルーラーシップ,10554
ルーラーシップ,10555
ルーラーシップ,10556
ルーラーシップ,10557
ルーラーシップ,10558
ルーラーシップ,10559
ルーラーシップ,10560
ルーラーシップ,10561
ルーラーシップ,10562
ルーラーシップ,10563
ルーラーシップ,10564
ルーラーシップ,10565
ルーラーシップ,10566
ルーラーシップ,10567
ルーラーシップ,10568
ルーラーシップ,10569
ルーラーシップ,10570
ルーラーシップ,10571
ルーラーシップ,10572
ルーラーシップ,10573
ルーラーシップ,10574
ルーラーシップ,10575
ルーラーシップ,10576
ルーラーシップ,10577
ルーラーシップ,10578
ルーラーシップ,10579
ルーラーシップ,10580
ルーラーシップ,2538
ルーラーシップ,2904
ルーラーシップ,3003
